Workbook

Sheet Read me
B3: Select Appropriate non-billable reason for working days(Mon-Fri) from dropdown in each cell. If working days are blank but allocation on billed code, then will be considered as billable days unless below reason is selected. | E3: Once update is done, pls Mark 'Yes' appropriately 1. This leave tracker 2. Client timesheet if applicable 3. Workday

Sheet Jan'26
E1: To be filled by Ops PMOs only | R1: ---To be filled by Employees---
B2: 1=Working Day | R2: Reason for Non-Billing/Comments | S2: Emp to mark 'Yes' when updated this tracker | T2: Emp to mark 'Yes' when updated the Client timesheet as per this sheet | U2: Emp to mark 'Yes' when updated the Workday as per this sheet | V2: =TEXT(V3,"DDD") -> Thu | W2: =TEXT(W3,"DDD") -> Fri | X2: =TEXT(X3,"DDD") -> Sat | Y2: =TEXT(Y3,"DDD") -> Sun | Z2: =TEXT(Z3,"DDD") -> Mon | AA2: =TEXT(AA3,"DDD") -> Tue | AB2: =TEXT(AB3,"DDD") -> Wed | AC2: =TEXT(AC3,"DDD") -> Thu | ... AZ2: =TEXT(AZ3,"DDD") -> Sat
B3: Emp Id | C3: Emp Name | D3: Emp Client ID | E3: Fractal Email ID | F3: Client email ID | G3: Allocation Start Date | H3: Allocation End Date | I3: Alloc % | J3: Allocated Days | K3: Billed Days for current month | L3: Adj for past month | M3: Revenue cnf days | N3: Timesheet days | O3: Diff | P3: Unbilled Days | Q3: Leaves | V3: 46023 | W3: =V3+1 -> 46024 | X3: =W3+1 -> 46025 | Y3: =X3+1 -> 46026 | Z3: =Y3+1 -> 46027 | AA3: =Z3+1 -> 46028 | AB3: =AA3+1 -> 46029 | AC3: =AB3+1 -> 46030 | AD3: =AC3+1 -> 46031 | ... AZ3: =AY3+1 -> 46053
B4: 1 | C4: =D4+1 -> 3 | D4: =B4+1 -> 2 | E4: =C4+1 -> 4 | F4: =E4+1 -> 5 | G4: =F4+1 -> 6 | H4: =G4+1 -> 7 | I4: =H4+1 -> 8 | J4: =I4+1 -> 9 | K4: =J4+1 -> 10 | L4: =K4+1 -> 11 | M4: =L4+1 -> 12 | ... P4: =O4+1 -> 15 | R4: =P4+1 -> 16 | S4: =R4+1 -> 17 | T4: =S4+1 -> 18 | U4: =T4+1 -> 19 | V4: =U4+1 -> 20 | W4: =V4+1 -> 21 | X4: =W4+1 -> 22 | Y4: =X4+1 -> 23 | Z4: =Y4+1 -> 24 | ... AZ4: =AY4+1 -> 50
B5: F10572 | C5: Aakash Arora | E5: aakash.arora@fractal.ai | G5: 46023 | H5: 46053 | I5: 100 | J5: =NETWORKDAYS(G5,H5)*I5% -> 22 | K5: =J5-COUNTIF(V5:AZ5,"L")-COUNTIF(V5:AZ5,"H")-COUNTIF(V5:AZ5,"HDL")/2-COUNTIF(V5:AZ5,"NB") -> 19 | M5: =SUM(K5:L5) -> 19 | O5: =K5-N5 -> 19 | P5: =J5-K5 -> 3 | Q5: =COUNTIF(V5:BF5,"L")+COUNTIF(V5:BF5,"HDL")/2 -> 0 | S5: Yes | T5: Yes | U5: Yes | V5: H | AJ5: H | AU5: H
B6: F12020 | C6: Aashish Kaushik | E6: aashish.kaushik@fractal.ai | G6: 46023 | H6: 46053 | I6: 100 | J6: =NETWORKDAYS(G6,H6)*I6% -> 22 | K6: =J6-COUNTIF(V6:AZ6,"L")-COUNTIF(V6:AZ6,"H")-COUNTIF(V6:AZ6,"HDL")/2-COUNTIF(V6:AZ6,"NB") -> 18 | M6: =SUM(K6:L6) -> 18 | O6: =K6-N6 -> 18 | P6: =J6-K6 -> 4 | Q6: =COUNTIF(V6:BF6,"L")+COUNTIF(V6:BF6,"HDL")/2 -> 1 | S6: Yes | T6: No | U6: No | V6: H | AG6: L | AJ6: H | AU6: H
B7: F16244 | C7: Abhishek Kumar | E7: abhishek.kumar7@fractal.ai | G7: 46023 | H7: 46053 | I7: 100 | J7: =NETWORKDAYS(G7,H7)*I7% -> 22 | K7: =J7-COUNTIF(V7:AZ7,"L")-COUNTIF(V7:AZ7,"H")-COUNTIF(V7:AZ7,"HDL")/2-COUNTIF(V7:AZ7,"NB") -> 19 | M7: =SUM(K7:L7) -> 19 | O7: =K7-N7 -> 19 | P7: =J7-K7 -> 3 | Q7: =COUNTIF(V7:BF7,"L")+COUNTIF(V7:BF7,"HDL")/2 -> 0 | S7: Yes | T7: Yes | U7: Yes | V7: H | AJ7: H | AU7: H
B8: F17557 | C8: Adithya Udupa | E8: adithya.udupa@fractal.ai | G8: 46023 | H8: 46053 | I8: 100 | J8: =NETWORKDAYS(G8,H8)*I8% -> 22 | K8: =J8-COUNTIF(V8:AZ8,"L")-COUNTIF(V8:AZ8,"H")-COUNTIF(V8:AZ8,"HDL")/2-COUNTIF(V8:AZ8,"NB") -> 18 | M8: =SUM(K8:L8) -> 18 | O8: =K8-N8 -> 18 | P8: =J8-K8 -> 4 | Q8: =COUNTIF(V8:BF8,"L")+COUNTIF(V8:BF8,"HDL")/2 -> 1 | S8: Yes | T8: Yes | U8: No | V8: H | W8: L | AJ8: H | AU8: H
B9: F13935 | C9: Akash Badarinath | E9: akash.badarinath@fractal.ai | G9: 46023 | H9: 46053 | I9: 100 | J9: =NETWORKDAYS(G9,H9)*I9% -> 22 | K9: =J9-COUNTIF(V9:AZ9,"L")-COUNTIF(V9:AZ9,"H")-COUNTIF(V9:AZ9,"HDL")/2-COUNTIF(V9:AZ9,"NB") -> 16 | M9: =SUM(K9:L9) -> 16 | O9: =K9-N9 -> 16 | P9: =J9-K9 -> 6 | Q9: =COUNTIF(V9:BF9,"L")+COUNTIF(V9:BF9,"HDL")/2 -> 2 | S9: Yes | T9: Yes | U9: Yes | V9: H | W9: NB | AI9: H | AU9: H | AV9: L | AW9: L
B10: F15043 | C10: Akash Srivastava | E10: akash.srivastava@fractal.ai | G10: 46023 | H10: 46053 | I10: 100 | J10: =NETWORKDAYS(G10,H10)*I10% -> 22 | K10: =J10-COUNTIF(V10:AZ10,"L")-COUNTIF(V10:AZ10,"H")-COUNTIF(V10:AZ10,"HDL")/2-COUNTIF(V10:AZ10,"NB") -> 18 | M10: =SUM(K10:L10) -> 18 | O10: =K10-N10 -> 18 | P10: =J10-K10 -> 4 | Q10: =COUNTIF(V10:BF10,"L")+COUNTIF(V10:BF10,"HDL")/2 -> 0 | S10: Yes | T10: Yes | U10: Yes | V10: H | W10: NB | AI10: H | AU10: H
B11: F15089 | C11: Amal K | E11: amal.k@fractal.ai | G11: 46023 | H11: 46053 | I11: 100 | J11: =NETWORKDAYS(G11,H11)*I11% -> 22 | K11: =J11-COUNTIF(V11:AZ11,"L")-COUNTIF(V11:AZ11,"H")-COUNTIF(V11:AZ11,"HDL")/2-COUNTIF(V11:AZ11,"NB") -> 0 | M11: =SUM(K11:L11) -> 0 | O11: =K11-N11 -> 0 | P11: =J11-K11 -> 22 | Q11: =COUNTIF(V11:BF11,"L")+COUNTIF(V11:BF11,"HDL")/2 -> 0 | S11: Yes | T11: No | U11: Yes | V11: H | W11: NB | Z11: NB | AA11: NB | AB11: NB | AC11: NB | AD11: NB | AG11: NB | AH11: NB | AI11: NB | AJ11: H | AK11: NB | AN11: NB | AO11: NB | AP11: NB | AQ11: NB | AR11: NB | AU11: H | AV11: NB | AW11: NB | AX11: NB | AY11: NB
B12: F15418 | C12: Ankit . | E12: ankit.1@fractal.ai | G12: 46023 | H12: 46053 | I12: 100 | J12: =NETWORKDAYS(G12,H12)*I12% -> 22 | K12: =J12-COUNTIF(V12:AZ12,"L")-COUNTIF(V12:AZ12,"H")-COUNTIF(V12:AZ12,"HDL")/2-COUNTIF(V12:AZ12,"NB") -> 16 | M12: =SUM(K12:L12) -> 16 | O12: =K12-N12 -> 16 | P12: =J12-K12 -> 6 | Q12: =COUNTIF(V12:BF12,"L")+COUNTIF(V12:BF12,"HDL")/2 -> 2 | S12: Yes | T12: Yes | U12: No | V12: H | W12: NB | AC12: L | AD12: L | AI12: H | AU12: H
B13: F15194 | C13: Ankit Khandelwal | E13: ankit.khandelwal@fractal.ai | G13: 46023 | H13: 46053 | I13: 100 | J13: =NETWORKDAYS(G13,H13)*I13% -> 22 | K13: =J13-COUNTIF(V13:AZ13,"L")-COUNTIF(V13:AZ13,"H")-COUNTIF(V13:AZ13,"HDL")/2-COUNTIF(V13:AZ13,"NB") -> 17 | M13: =SUM(K13:L13) -> 17 | O13: =K13-N13 -> 17 | P13: =J13-K13 -> 5 | Q13: =COUNTIF(V13:BF13,"L")+COUNTIF(V13:BF13,"HDL")/2 -> 1 | S13: Yes | T13: Yes | U13: Yes | V13: H | W13: NB | AI13: L | AJ13: H | AU13: H
B14: F16266 | C14: Anupam Kumar Tiwari | E14: anupam.tiwari@fractal.ai | G14: 46023 | H14: 46053 | I14: 100 | J14: =NETWORKDAYS(G14,H14)*I14% -> 22 | K14: =J14-COUNTIF(V14:AZ14,"L")-COUNTIF(V14:AZ14,"H")-COUNTIF(V14:AZ14,"HDL")/2-COUNTIF(V14:AZ14,"NB") -> 15 | M14: =SUM(K14:L14) -> 15 | O14: =K14-N14 -> 15 | P14: =J14-K14 -> 7 | Q14: =COUNTIF(V14:BF14,"L")+COUNTIF(V14:BF14,"HDL")/2 -> 4 | S14: Yes | T14: Yes | U14: Yes | V14: H | AG14: L | AJ14: H | AN14: L | AO14: L | AU14: H | AV14: L
B15: F17311 | C15: Arbaz Ur Rehman Khan | E15: arbazur.khan@fractal.ai | G15: 46023 | H15: 46053 | I15: 100 | J15: =NETWORKDAYS(G15,H15)*I15% -> 22 | K15: =J15-COUNTIF(V15:AZ15,"L")-COUNTIF(V15:AZ15,"H")-COUNTIF(V15:AZ15,"HDL")/2-COUNTIF(V15:AZ15,"NB") -> 18 | M15: =SUM(K15:L15) -> 18 | O15: =K15-N15 -> 18 | P15: =J15-K15 -> 4 | Q15: =COUNTIF(V15:BF15,"L")+COUNTIF(V15:BF15,"HDL")/2 -> 0 | S15: Yes | T15: Yes | U15: Yes | V15: H | W15: NB | AJ15: H | AU15: H
B16: F15984 | C16: Arindom Goswami | E16: arindom.goswami@fractal.ai | G16: 46023 | H16: 46053 | I16: 100 | J16: =NETWORKDAYS(G16,H16)*I16% -> 22 | K16: =J16-COUNTIF(V16:AZ16,"L")-COUNTIF(V16:AZ16,"H")-COUNTIF(V16:AZ16,"HDL")/2-COUNTIF(V16:AZ16,"NB") -> 18 | M16: =SUM(K16:L16) -> 18 | O16: =K16-N16 -> 18 | P16: =J16-K16 -> 4 | Q16: =COUNTIF(V16:BF16,"L")+COUNTIF(V16:BF16,"HDL")/2 -> 1 | S16: Yes | T16: Yes | U16: Yes | V16: H | AA16: L | AJ16: H | AU16: H
B17: F07920 | C17: Arjit Sharma | E17: arjit.sharma@fractal.ai | G17: 46023 | H17: 46053 | I17: 100 | J17: =NETWORKDAYS(G17,H17)*I17% -> 22 | K17: =J17-COUNTIF(V17:AZ17,"L")-COUNTIF(V17:AZ17,"H")-COUNTIF(V17:AZ17,"HDL")/2-COUNTIF(V17:AZ17,"NB") -> 18 | M17: =SUM(K17:L17) -> 18 | O17: =K17-N17 -> 18 | P17: =J17-K17 -> 4 | Q17: =COUNTIF(V17:BF17,"L")+COUNTIF(V17:BF17,"HDL")/2 -> 0 | S17: Yes | T17: Yes | U17: No | V17: H | W17: NB | AI17: H | AU17: H
B18: F08462 | C18: Ashokkumar Subramani | E18: ashokkumar.subramani@fractal.ai | G18: 46023 | H18: 46053 | I18: 100 | J18: =NETWORKDAYS(G18,H18)*I18% -> 22 | K18: =J18-COUNTIF(V18:AZ18,"L")-COUNTIF(V18:AZ18,"H")-COUNTIF(V18:AZ18,"HDL")/2-COUNTIF(V18:AZ18,"NB") -> 18 | M18: =SUM(K18:L18) -> 18 | O18: =K18-N18 -> 18 | P18: =J18-K18 -> 4 | Q18: =COUNTIF(V18:BF18,"L")+COUNTIF(V18:BF18,"HDL")/2 -> 0 | S18: Yes | T18: Yes | U18: No | V18: H | W18: NB | AI18: H | AU18: H
B19: F07471 | C19: Avinash . | E19: avinash.1@fractal.ai | G19: 46023 | H19: 46053 | I19: 100 | J19: =NETWORKDAYS(G19,H19)*I19% -> 22 | K19: =J19-COUNTIF(V19:AZ19,"L")-COUNTIF(V19:AZ19,"H")-COUNTIF(V19:AZ19,"HDL")/2-COUNTIF(V19:AZ19,"NB") -> 19 | M19: =SUM(K19:L19) -> 19 | O19: =K19-N19 -> 19 | P19: =J19-K19 -> 3 | Q19: =COUNTIF(V19:BF19,"L")+COUNTIF(V19:BF19,"HDL")/2 -> 0 | S19: Yes | T19: Yes | U19: Yes | V19: H | AJ19: H | AU19: H
B20: F17726 | C20: Bhanu Priya | E20: bhanu.priya2@fractal.ai | G20: 46023 | H20: 46053 | I20: 100 | J20: =NETWORKDAYS(G20,H20)*I20% -> 22 | K20: =J20-COUNTIF(V20:AZ20,"L")-COUNTIF(V20:AZ20,"H")-COUNTIF(V20:AZ20,"HDL")/2-COUNTIF(V20:AZ20,"NB") -> 16 | M20: =SUM(K20:L20) -> 16 | O20: =K20-N20 -> 16 | P20: =J20-K20 -> 6 | Q20: =COUNTIF(V20:BF20,"L")+COUNTIF(V20:BF20,"HDL")/2 -> 4 | S20: Yes | T20: No | U20: No | V20: H | W20: L | AI20: L | AJ20: H | AK20: L | AY20: L
B21: F05022 | C21: Chaitanya Deepak | E21: chaitanya.deepak@fractal.ai | G21: 46023 | H21: 46053 | I21: 100 | J21: =NETWORKDAYS(G21,H21)*I21% -> 22 | K21: =J21-COUNTIF(V21:AZ21,"L")-COUNTIF(V21:AZ21,"H")-COUNTIF(V21:AZ21,"HDL")/2-COUNTIF(V21:AZ21,"NB") -> 17 | M21: =SUM(K21:L21) -> 17 | O21: =K21-N21 -> 17 | P21: =J21-K21 -> 5 | Q21: =COUNTIF(V21:BF21,"L")+COUNTIF(V21:BF21,"HDL")/2 -> 2 | S21: Yes | T21: Yes | U21: Yes | V21: H | AB21: L | AJ21: H | AU21: H | AY21: L
B22: F14094 | C22: Gokul Vasanth Susindran | E22: gokul.susindran@fractal.ai | G22: 46023 | H22: 46053 | I22: 100 | J22: =NETWORKDAYS(G22,H22)*I22% -> 22 | K22: =J22-COUNTIF(V22:AZ22,"L")-COUNTIF(V22:AZ22,"H")-COUNTIF(V22:AZ22,"HDL")/2-COUNTIF(V22:AZ22,"NB") -> 17 | M22: =SUM(K22:L22) -> 17 | O22: =K22-N22 -> 17 | P22: =J22-K22 -> 5 | Q22: =COUNTIF(V22:BF22,"L")+COUNTIF(V22:BF22,"HDL")/2 -> 1 | S22: Yes | T22: Yes | U22: Yes | V22: H | W22: NB | AG22: L | AI22: H | AU22: H
B23: F09402 | C23: Gowtham G | E23: gowtham.g@fractal.ai | G23: 46023 | H23: 46053 | I23: 100 | J23: =NETWORKDAYS(G23,H23)*I23% -> 22 | K23: =J23-COUNTIF(V23:AZ23,"L")-COUNTIF(V23:AZ23,"H")-COUNTIF(V23:AZ23,"HDL")/2-COUNTIF(V23:AZ23,"NB") -> 17 | M23: =SUM(K23:L23) -> 17 | O23: =K23-N23 -> 17 | P23: =J23-K23 -> 5 | Q23: =COUNTIF(V23:BF23,"L")+COUNTIF(V23:BF23,"HDL")/2 -> 2 | S23: Yes | T23: No | U23: No | V23: H | AI23: H | AJ23: L | AU23: H | AW23: L
B24: F08055 | C24: K Deepak | E24: k.deepak@fractal.ai | G24: 46023 | H24: 46053 | I24: 100 | J24: =NETWORKDAYS(G24,H24)*I24% -> 22 | K24: =J24-COUNTIF(V24:AZ24,"L")-COUNTIF(V24:AZ24,"H")-COUNTIF(V24:AZ24,"HDL")/2-COUNTIF(V24:AZ24,"NB") -> 17 | M24: =SUM(K24:L24) -> 17 | O24: =K24-N24 -> 17 | P24: =J24-K24 -> 5 | Q24: =COUNTIF(V24:BF24,"L")+COUNTIF(V24:BF24,"HDL")/2 -> 1 | S24: Yes | T24: yes | U24: yes | V24: H | W24: NB | AJ24: H | AK24: L | AU24: H
B25: F15951 | C25: Kesani Srichandana | E25: kesani.srichandana@fractal.ai | G25: 46023 | H25: 46053 | I25: 100 | J25: =NETWORKDAYS(G25,H25)*I25% -> 22 | K25: =J25-COUNTIF(V25:AZ25,"L")-COUNTIF(V25:AZ25,"H")-COUNTIF(V25:AZ25,"HDL")/2-COUNTIF(V25:AZ25,"NB") -> 18.5 | M25: =SUM(K25:L25) -> 18.5 | O25: =K25-N25 -> 18.5 | P25: =J25-K25 -> 3.5 | Q25: =COUNTIF(V25:BF25,"L")+COUNTIF(V25:BF25,"HDL")/2 -> 0.5 | S25: Yes | T25: Yes | U25: Yes | V25: H | AJ25: H | AK25: HDL | AU25: H
B26: F16291 | C26: Khasim Pannegatla | E26: khasim.pannegatla@fractal.ai | G26: 46023 | H26: 46053 | I26: 100 | J26: =NETWORKDAYS(G26,H26)*I26% -> 22 | K26: =J26-COUNTIF(V26:AZ26,"L")-COUNTIF(V26:AZ26,"H")-COUNTIF(V26:AZ26,"HDL")/2-COUNTIF(V26:AZ26,"NB") -> 18 | M26: =SUM(K26:L26) -> 18 | O26: =K26-N26 -> 18 | P26: =J26-K26 -> 4 | Q26: =COUNTIF(V26:BF26,"L")+COUNTIF(V26:BF26,"HDL")/2 -> 1 | S26: Yes | T26: Yes | U26: Yes | V26: H | W26: L | AJ26: H | AU26: H
B27: F16247 | C27: Kiran Mai P | E27: kiran.p@fractal.ai | G27: 46023 | H27: 46053 | I27: 100 | J27: =NETWORKDAYS(G27,H27)*I27% -> 22 | K27: =J27-COUNTIF(V27:AZ27,"L")-COUNTIF(V27:AZ27,"H")-COUNTIF(V27:AZ27,"HDL")/2-COUNTIF(V27:AZ27,"NB") -> 16 | M27: =SUM(K27:L27) -> 16 | O27: =K27-N27 -> 16 | P27: =J27-K27 -> 6 | Q27: =COUNTIF(V27:BF27,"L")+COUNTIF(V27:BF27,"HDL")/2 -> 3 | R27: 29th leave was missed | S27: Yes | T27: No | U27: yes | V27: H | AH27: L | AI27: L | AJ27: H | AU27: H | AX27: L
B28: F12415 | C28: Kunal Kumar | E28: kunal.kumar@fractal.ai | G28: 46023 | H28: 46053 | I28: 100 | J28: =NETWORKDAYS(G28,H28)*I28% -> 22 | K28: =J28-COUNTIF(V28:AZ28,"L")-COUNTIF(V28:AZ28,"H")-COUNTIF(V28:AZ28,"HDL")/2-COUNTIF(V28:AZ28,"NB") -> 4 | M28: =SUM(K28:L28) -> 4 | O28: =K28-N28 -> 4 | P28: =J28-K28 -> 18 | Q28: =COUNTIF(V28:BF28,"L")+COUNTIF(V28:BF28,"HDL")/2 -> 15 | S28: Yes | T28: Yes | U28: No | V28: H | W28: L | Z28: L | AA28: L | AB28: L | AC28: L | AD28: L | AG28: L | AH28: L | AI28: H | AJ28: L | AK28: L | AN28: L | AO28: L | AP28: L | AQ28: L | AR28: L | AU28: H
B29: F12766 | C29: Madhavi Latha Kotturu | E29: madhavilatha.kotturu@fractal.ai | G29: 46023 | H29: 46053 | I29: 100 | J29: =NETWORKDAYS(G29,H29)*I29% -> 22 | K29: =J29-COUNTIF(V29:AZ29,"L")-COUNTIF(V29:AZ29,"H")-COUNTIF(V29:AZ29,"HDL")/2-COUNTIF(V29:AZ29,"NB") -> 18 | M29: =SUM(K29:L29) -> 18 | O29: =K29-N29 -> 18 | P29: =J29-K29 -> 4 | Q29: =COUNTIF(V29:BF29,"L")+COUNTIF(V29:BF29,"HDL")/2 -> 1 | R29: 2nd jan leave was missed | S29: yes | T29: yes | U29: yes | V29: H | W29: L | AJ29: H | AU29: H
B30: F06490 | C30: Mahamad Asif | E30: mahamad.asif@fractal.ai | G30: 46023 | H30: 46053 | I30: 100 | J30: =NETWORKDAYS(G30,H30)*I30% -> 22 | K30: =J30-COUNTIF(V30:AZ30,"L")-COUNTIF(V30:AZ30,"H")-COUNTIF(V30:AZ30,"HDL")/2-COUNTIF(V30:AZ30,"NB") -> 17 | M30: =SUM(K30:L30) -> 17 | O30: =K30-N30 -> 17 | P30: =J30-K30 -> 5 | Q30: =COUNTIF(V30:BF30,"L")+COUNTIF(V30:BF30,"HDL")/2 -> 1 | S30: Yes | T30: Yes | U30: Yes | V30: H | W30: NB | AJ30: H | AK30: L | AU30: H
B31: F16307 | C31: Mallik Saptarshi Thakur | E31: mallik.thakur@fractal.ai | G31: 46023 | H31: 46053 | I31: 100 | J31: =NETWORKDAYS(G31,H31)*I31% -> 22 | K31: =J31-COUNTIF(V31:AZ31,"L")-COUNTIF(V31:AZ31,"H")-COUNTIF(V31:AZ31,"HDL")/2-COUNTIF(V31:AZ31,"NB") -> 18 | M31: =SUM(K31:L31) -> 18 | O31: =K31-N31 -> 18 | P31: =J31-K31 -> 4 | Q31: =COUNTIF(V31:BF31,"L")+COUNTIF(V31:BF31,"HDL")/2 -> 1 | S31: yes | T31: yes | U31: yes | V31: H | W31: L | AI31: H | AU31: H
B32: F14195 | C32: Manish Khare | E32: manish.khare@fractal.ai | G32: 46023 | H32: 46053 | I32: 100 | J32: =NETWORKDAYS(G32,H32)*I32% -> 22 | K32: =J32-COUNTIF(V32:AZ32,"L")-COUNTIF(V32:AZ32,"H")-COUNTIF(V32:AZ32,"HDL")/2-COUNTIF(V32:AZ32,"NB") -> 18 | M32: =SUM(K32:L32) -> 18 | O32: =K32-N32 -> 18 | P32: =J32-K32 -> 4 | Q32: =COUNTIF(V32:BF32,"L")+COUNTIF(V32:BF32,"HDL")/2 -> 1 | S32: Yes | T32: Yes | U32: Yes | V32: H | W32: L | AI32: H | AU32: H
B33: F16444 | C33: Manish Rajesh Sharma | E33: manish.sharma@fractal.ai | G33: 46023 | H33: 46053 | I33: 100 | J33: =NETWORKDAYS(G33,H33)*I33% -> 22 | K33: =J33-COUNTIF(V33:AZ33,"L")-COUNTIF(V33:AZ33,"H")-COUNTIF(V33:AZ33,"HDL")/2-COUNTIF(V33:AZ33,"NB") -> 18 | M33: =SUM(K33:L33) -> 18 | O33: =K33-N33 -> 18 | P33: =J33-K33 -> 4 | Q33: =COUNTIF(V33:BF33,"L")+COUNTIF(V33:BF33,"HDL")/2 -> 0 | R33: Holiday updated | S33: Yes | T33: Yes | U33: Yes | V33: H | W33: NB | AI33: H | AU33: H
B34: F13899 | C34: Muhammed Suhail E K | E34: muhammed.suhail@fractal.ai | G34: 46023 | H34: 46053 | I34: 100 | J34: =NETWORKDAYS(G34,H34)*I34% -> 22 | K34: =J34-COUNTIF(V34:AZ34,"L")-COUNTIF(V34:AZ34,"H")-COUNTIF(V34:AZ34,"HDL")/2-COUNTIF(V34:AZ34,"NB") -> 17 | M34: =SUM(K34:L34) -> 17 | O34: =K34-N34 -> 17 | P34: =J34-K34 -> 5 | Q34: =COUNTIF(V34:BF34,"L")+COUNTIF(V34:BF34,"HDL")/2 -> 2 | S34: Yes | T34: Yes | U34: Yes | V34: H | AI34: H | AU34: H | AV34: L | AW34: L
B35: F13753 | C35: Nagarjun K | E35: nagarjun.k@fractal.ai | G35: 46023 | H35: 46053 | I35: 100 | J35: =NETWORKDAYS(G35,H35)*I35% -> 22 | K35: =J35-COUNTIF(V35:AZ35,"L")-COUNTIF(V35:AZ35,"H")-COUNTIF(V35:AZ35,"HDL")/2-COUNTIF(V35:AZ35,"NB") -> 18 | M35: =SUM(K35:L35) -> 18 | O35: =K35-N35 -> 18 | P35: =J35-K35 -> 4 | Q35: =COUNTIF(V35:BF35,"L")+COUNTIF(V35:BF35,"HDL")/2 -> 0 | S35: Yes | T35: Yes | U35: Yes | V35: H | W35: NB | AI35: H | AU35: H
B36: F14646 | C36: Nihar Bastia | E36: nihar.bastia@fractal.ai | G36: 46023 | H36: 46053 | I36: 100 | J36: =NETWORKDAYS(G36,H36)*I36% -> 22 | K36: =J36-COUNTIF(V36:AZ36,"L")-COUNTIF(V36:AZ36,"H")-COUNTIF(V36:AZ36,"HDL")/2-COUNTIF(V36:AZ36,"NB") -> 16 | M36: =SUM(K36:L36) -> 16 | O36: =K36-N36 -> 16 | P36: =J36-K36 -> 6 | Q36: =COUNTIF(V36:BF36,"L")+COUNTIF(V36:BF36,"HDL")/2 -> 2 | S36: Yes | T36: Yes | U36: Yes | V36: H | W36: NB | AH36: L | AI36: H | AN36: L | AU36: H
B37: F11421 | C37: Pavan Kumar Reddy Tondapu | E37: pavankumarreddy.tondapu@fractal.ai | G37: 46023 | H37: 46053 | I37: 100 | J37: =NETWORKDAYS(G37,H37)*I37% -> 22 | K37: =J37-COUNTIF(V37:AZ37,"L")-COUNTIF(V37:AZ37,"H")-COUNTIF(V37:AZ37,"HDL")/2-COUNTIF(V37:AZ37,"NB") -> 16 | M37: =SUM(K37:L37) -> 16 | O37: =K37-N37 -> 16 | P37: =J37-K37 -> 6 | Q37: =COUNTIF(V37:BF37,"L")+COUNTIF(V37:BF37,"HDL")/2 -> 2 | S37: Yes | T37: Yes | U37: Yes | V37: H | W37: NB | AI37: L | AJ37: H | AK37: L | AU37: H
B38: F09792 | C38: Pinninti Ravindra | E38: pinninti.ravindra@fractal.ai | G38: 46023 | H38: 46053 | I38: 100 | J38: =NETWORKDAYS(G38,H38)*I38% -> 22 | K38: =J38-COUNTIF(V38:AZ38,"L")-COUNTIF(V38:AZ38,"H")-COUNTIF(V38:AZ38,"HDL")/2-COUNTIF(V38:AZ38,"NB") -> 14 | M38: =SUM(K38:L38) -> 14 | O38: =K38-N38 -> 14 | P38: =J38-K38 -> 8 | Q38: =COUNTIF(V38:BF38,"L")+COUNTIF(V38:BF38,"HDL")/2 -> 4 | S38: yes | T38: No | U38: No | V38: H | W38: NB | AD38: L | AI38: L | AJ38: H | AK38: L | AU38: H | AV38: L
B39: F15834 | C39: Prajwal Athrey | E39: prajwal.athrey@fractal.ai | G39: 46023 | H39: 46053 | I39: 100 | J39: =NETWORKDAYS(G39,H39)*I39% -> 22 | K39: =J39-COUNTIF(V39:AZ39,"L")-COUNTIF(V39:AZ39,"H")-COUNTIF(V39:AZ39,"HDL")/2-COUNTIF(V39:AZ39,"NB") -> 15 | M39: =SUM(K39:L39) -> 15 | O39: =K39-N39 -> 15 | P39: =J39-K39 -> 7 | Q39: =COUNTIF(V39:BF39,"L")+COUNTIF(V39:BF39,"HDL")/2 -> 3 | S39: Yes | T39: Yes | U39: Yes | V39: H | W39: NB | AA39: L | AJ39: H | AK39: L | AN39: L | AU39: H
B40: F14085 | C40: Prakash Solanki | E40: prakash.solanki@fractal.ai | G40: 46023 | H40: 46053 | I40: 100 | J40: =NETWORKDAYS(G40,H40)*I40% -> 22 | K40: =J40-COUNTIF(V40:AZ40,"L")-COUNTIF(V40:AZ40,"H")-COUNTIF(V40:AZ40,"HDL")/2-COUNTIF(V40:AZ40,"NB") -> 18 | M40: =SUM(K40:L40) -> 18 | O40: =K40-N40 -> 18 | P40: =J40-K40 -> 4 | Q40: =COUNTIF(V40:BF40,"L")+COUNTIF(V40:BF40,"HDL")/2 -> 0 | S40: Yes | T40: Yes | U40: Yes | V40: H | W40: NB | AJ40: H | AU40: H
B41: F14985 | C41: Pranshul Gupta | E41: pranshul.gupta@fractal.ai | G41: 46023 | H41: 46053 | I41: 100 | J41: =NETWORKDAYS(G41,H41)*I41% -> 22 | K41: =J41-COUNTIF(V41:AZ41,"L")-COUNTIF(V41:AZ41,"H")-COUNTIF(V41:AZ41,"HDL")/2-COUNTIF(V41:AZ41,"NB") -> 18 | M41: =SUM(K41:L41) -> 18 | O41: =K41-N41 -> 18 | P41: =J41-K41 -> 4 | Q41: =COUNTIF(V41:BF41,"L")+COUNTIF(V41:BF41,"HDL")/2 -> 1 | S41: Yes | T41: Yes | U41: Yes | V41: H | AJ41: H | AK41: L | AU41: H
B42: F16097 | C42: Prasad Vinayagam Naidu | E42: prasad.naidu@fractal.ai | G42: 46023 | H42: 46053 | I42: 100 | J42: =NETWORKDAYS(G42,H42)*I42% -> 22 | K42: =J42-COUNTIF(V42:AZ42,"L")-COUNTIF(V42:AZ42,"H")-COUNTIF(V42:AZ42,"HDL")/2-COUNTIF(V42:AZ42,"NB") -> 19 | M42: =SUM(K42:L42) -> 19 | O42: =K42-N42 -> 19 | P42: =J42-K42 -> 3 | Q42: =COUNTIF(V42:BF42,"L")+COUNTIF(V42:BF42,"HDL")/2 -> 0 | S42: Yes | T42: Yes | U42: Yes | V42: H | AJ42: H | AU42: H
B43: F17300 | C43: Preet Kanwar Singh | E43: preet.singh@fractal.ai | G43: 46023 | H43: 46053 | I43: 100 | J43: =NETWORKDAYS(G43,H43)*I43% -> 22 | K43: =J43-COUNTIF(V43:AZ43,"L")-COUNTIF(V43:AZ43,"H")-COUNTIF(V43:AZ43,"HDL")/2-COUNTIF(V43:AZ43,"NB") -> 18 | M43: =SUM(K43:L43) -> 18 | O43: =K43-N43 -> 18 | P43: =J43-K43 -> 4 | Q43: =COUNTIF(V43:BF43,"L")+COUNTIF(V43:BF43,"HDL")/2 -> 0 | S43: yes | T43: yes | U43: yes | V43: H | W43: NB | AI43: H | AU43: H
B44: F16361 | C44: Rajarshi Pal | E44: rajarshi.pal@fractal.ai | G44: 46023 | H44: 46053 | I44: 100 | J44: =NETWORKDAYS(G44,H44)*I44% -> 22 | K44: =J44-COUNTIF(V44:AZ44,"L")-COUNTIF(V44:AZ44,"H")-COUNTIF(V44:AZ44,"HDL")/2-COUNTIF(V44:AZ44,"NB") -> 18 | M44: =SUM(K44:L44) -> 18 | O44: =K44-N44 -> 18 | P44: =J44-K44 -> 4 | Q44: =COUNTIF(V44:BF44,"L")+COUNTIF(V44:BF44,"HDL")/2 -> 2 | S44: yes | T44: No | U44: Yes | V44: H | W44: L | AP44: L | AU44: H
B45: F16719 | C45: Rajat Kumar Kar | E45: rajat.kar@fractal.ai | G45: 46023 | H45: 46053 | I45: 100 | J45: =NETWORKDAYS(G45,H45)*I45% -> 22 | K45: =J45-COUNTIF(V45:AZ45,"L")-COUNTIF(V45:AZ45,"H")-COUNTIF(V45:AZ45,"HDL")/2-COUNTIF(V45:AZ45,"NB") -> 17 | M45: =SUM(K45:L45) -> 17 | O45: =K45-N45 -> 17 | P45: =J45-K45 -> 5 | Q45: =COUNTIF(V45:BF45,"L")+COUNTIF(V45:BF45,"HDL")/2 -> 1 | R45: Holiday updated | S45: yes | T45: yes | U45: yes | V45: H | W45: NB | AI45: H | AP45: L | AU45: H
B46: F16157 | C46: Rajkiran Edunuri | E46: rajkiran.edunuri@fractal.ai | G46: 46023 | H46: 46053 | I46: 100 | J46: =NETWORKDAYS(G46,H46)*I46% -> 22 | K46: =J46-COUNTIF(V46:AZ46,"L")-COUNTIF(V46:AZ46,"H")-COUNTIF(V46:AZ46,"HDL")/2-COUNTIF(V46:AZ46,"NB") -> 15 | M46: =SUM(K46:L46) -> 15 | O46: =K46-N46 -> 15 | P46: =J46-K46 -> 7 | Q46: =COUNTIF(V46:BF46,"L")+COUNTIF(V46:BF46,"HDL")/2 -> 4 | S46: Yes | T46: YES | U46: Yes | V46: H | AB46: L | AC46: L | AD46: L | AH46: L | AJ46: H | AU46: H
B47: F17359 | C47: RAMASWAMY KOMMAVARAPU | E47: ramaswamy.kommavarapu@fractal.ai | G47: 46023 | H47: 46053 | I47: 100 | J47: =NETWORKDAYS(G47,H47)*I47% -> 22 | K47: =J47-COUNTIF(V47:AZ47,"L")-COUNTIF(V47:AZ47,"H")-COUNTIF(V47:AZ47,"HDL")/2-COUNTIF(V47:AZ47,"NB") -> 18 | M47: =SUM(K47:L47) -> 18 | O47: =K47-N47 -> 18 | P47: =J47-K47 -> 4 | Q47: =COUNTIF(V47:BF47,"L")+COUNTIF(V47:BF47,"HDL")/2 -> 0 | R47: 2nd updated as NB | S47: Yes | T47: No | U47: No | V47: H | W47: NB | AJ47: H | AU47: H
B48: F02721 | C48: Ratul Ramchandani | E48: ratul.ramchandani@fractal.ai | G48: 46023 | H48: 46053 | I48: 100 | J48: =NETWORKDAYS(G48,H48)*I48% -> 22 | K48: =J48-COUNTIF(V48:AZ48,"L")-COUNTIF(V48:AZ48,"H")-COUNTIF(V48:AZ48,"HDL")/2-COUNTIF(V48:AZ48,"NB") -> 17 | M48: =SUM(K48:L48) -> 17 | O48: =K48-N48 -> 17 | P48: =J48-K48 -> 5 | Q48: =COUNTIF(V48:BF48,"L")+COUNTIF(V48:BF48,"HDL")/2 -> 2 | S48: Yes | T48: Yes | U48: Yes | V48: H | AH48: L | AJ48: H | AU48: H | AW48: L
B49: F17534 | C49: Rishang Santhpale | E49: rishang.santhpale@fractal.ai | G49: 46023 | H49: 46053 | I49: 100 | J49: =NETWORKDAYS(G49,H49)*I49% -> 22 | K49: =J49-COUNTIF(V49:AZ49,"L")-COUNTIF(V49:AZ49,"H")-COUNTIF(V49:AZ49,"HDL")/2-COUNTIF(V49:AZ49,"NB") -> 16.5 | M49: =SUM(K49:L49) -> 16.5 | O49: =K49-N49 -> 16.5 | P49: =J49-K49 -> 5.5 | Q49: =COUNTIF(V49:BF49,"L")+COUNTIF(V49:BF49,"HDL")/2 -> 2.5 | S49: Yes | T49: No | U49: Yes | V49: H | AC49: HDL | AJ49: H | AR49: L | AU49: H | AV49: L
B50: F14333 | C50: Ritobrita De | E50: ritobrita.de@fractal.ai | G50: 46023 | H50: 46053 | I50: 100 | J50: =NETWORKDAYS(G50,H50)*I50% -> 22 | K50: =J50-COUNTIF(V50:AZ50,"L")-COUNTIF(V50:AZ50,"H")-COUNTIF(V50:AZ50,"HDL")/2-COUNTIF(V50:AZ50,"NB") -> 19 | M50: =SUM(K50:L50) -> 19 | O50: =K50-N50 -> 19 | P50: =J50-K50 -> 3 | Q50: =COUNTIF(V50:BF50,"L")+COUNTIF(V50:BF50,"HDL")/2 -> 0 | R50: Holiday updated | S50: Yes | T50: No | U50: No | V50: H | AI50: H | AU50: H
B51: F09515 | C51: Roshan Raghavendra Srinivas | E51: roshan.srinivas@fractal.ai | G51: 46023 | H51: 46053 | I51: 100 | J51: =NETWORKDAYS(G51,H51)*I51% -> 22 | K51: =J51-COUNTIF(V51:AZ51,"L")-COUNTIF(V51:AZ51,"H")-COUNTIF(V51:AZ51,"HDL")/2-COUNTIF(V51:AZ51,"NB") -> 17 | M51: =SUM(K51:L51) -> 17 | O51: =K51-N51 -> 17 | P51: =J51-K51 -> 5 | Q51: =COUNTIF(V51:BF51,"L")+COUNTIF(V51:BF51,"HDL")/2 -> 2 | S51: Yes | T51: Yes | U51: Yes | V51: H | W51: L | AI51: H | AU51: H | AY51: L
B52: F15145 | C52: Rubini Subash | E52: rubini.subash@fractal.ai | G52: 46023 | H52: 46053 | I52: 100 | J52: =NETWORKDAYS(G52,H52)*I52% -> 22 | K52: =J52-COUNTIF(V52:AZ52,"L")-COUNTIF(V52:AZ52,"H")-COUNTIF(V52:AZ52,"HDL")/2-COUNTIF(V52:AZ52,"NB") -> 14 | M52: =SUM(K52:L52) -> 14 | O52: =K52-N52 -> 14 | P52: =J52-K52 -> 8 | Q52: =COUNTIF(V52:BF52,"L")+COUNTIF(V52:BF52,"HDL")/2 -> 4 | R52: 2 leaves missed | S52: Yes | T52: Yes | U52: No | V52: H | W52: NB | AJ52: H | AP52: L | AU52: H | AV52: L | AW52: L | AX52: L
B53: F16895 | C53: Saanjeev Kumar K R | E53: saanjeev.r@fractal.ai | G53: 46023 | H53: 46053 | I53: 100 | J53: =NETWORKDAYS(G53,H53)*I53% -> 22 | K53: =J53-COUNTIF(V53:AZ53,"L")-COUNTIF(V53:AZ53,"H")-COUNTIF(V53:AZ53,"HDL")/2-COUNTIF(V53:AZ53,"NB") -> 19.5 | M53: =SUM(K53:L53) -> 19.5 | O53: =K53-N53 -> 19.5 | P53: =J53-K53 -> 2.5 | Q53: =COUNTIF(V53:BF53,"L")+COUNTIF(V53:BF53,"HDL")/2 -> 1.5 | S53: Yes | T53: No | U53: Yes | V53: H | W53: L | AA53: HDL
B54: F13601 | C54: Saravanan Bs | E54: saravanan.bs@fractal.ai | G54: 46023 | H54: 46053 | I54: 100 | J54: =NETWORKDAYS(G54,H54)*I54% -> 22 | K54: =J54-COUNTIF(V54:AZ54,"L")-COUNTIF(V54:AZ54,"H")-COUNTIF(V54:AZ54,"HDL")/2-COUNTIF(V54:AZ54,"NB") -> 17 | M54: =SUM(K54:L54) -> 17 | O54: =K54-N54 -> 17 | P54: =J54-K54 -> 5 | Q54: =COUNTIF(V54:BF54,"L")+COUNTIF(V54:BF54,"HDL")/2 -> 2 | S54: Yes | T54: Yes | U54: Yes | V54: H | AG54: L | AH54: L | AI54: H | AU54: H
B55: F08818 | C55: Satheesh Kumar Kaliappan | E55: satheesh.kumar@fractal.ai | G55: 46023 | H55: 46053 | I55: 100 | J55: =NETWORKDAYS(G55,H55)*I55% -> 22 | K55: =J55-COUNTIF(V55:AZ55,"L")-COUNTIF(V55:AZ55,"H")-COUNTIF(V55:AZ55,"HDL")/2-COUNTIF(V55:AZ55,"NB") -> 18 | M55: =SUM(K55:L55) -> 18 | O55: =K55-N55 -> 18 | P55: =J55-K55 -> 4 | Q55: =COUNTIF(V55:BF55,"L")+COUNTIF(V55:BF55,"HDL")/2 -> 1 | S55: Yes | T55: Yes | U55: Yes | V55: H | AJ55: H | AK55: L | AU55: H
B56: F15781 | C56: Shah Tapan | E56: shah.tapan@fractal.ai | G56: 46023 | H56: 46053 | I56: 100 | J56: =NETWORKDAYS(G56,H56)*I56% -> 22 | K56: =J56-COUNTIF(V56:AZ56,"L")-COUNTIF(V56:AZ56,"H")-COUNTIF(V56:AZ56,"HDL")/2-COUNTIF(V56:AZ56,"NB") -> 17 | M56: =SUM(K56:L56) -> 17 | O56: =K56-N56 -> 17 | P56: =J56-K56 -> 5 | Q56: =COUNTIF(V56:BF56,"L")+COUNTIF(V56:BF56,"HDL")/2 -> 1 | R56: Holiday updated | S56: Yes | T56: No | U56: Yes | V56: H | W56: NB | AI56: H | AN56: L | AU56: H
B57: F15363 | C57: Shekhar Singh | E57: shekhar.singh@fractal.ai | G57: 46023 | H57: 46053 | I57: 100 | J57: =NETWORKDAYS(G57,H57)*I57% -> 22 | K57: =J57-COUNTIF(V57:AZ57,"L")-COUNTIF(V57:AZ57,"H")-COUNTIF(V57:AZ57,"HDL")/2-COUNTIF(V57:AZ57,"NB") -> 17 | M57: =SUM(K57:L57) -> 17 | O57: =K57-N57 -> 17 | P57: =J57-K57 -> 5 | Q57: =COUNTIF(V57:BF57,"L")+COUNTIF(V57:BF57,"HDL")/2 -> 2 | S57: Yes | T57: Yes | U57: Yes | V57: H | AB57: L | AC57: L | AI57: H | AU57: H
B58: F16819 | C58: Shivani Kumari | E58: shivani.kumari@fractal.ai | G58: 46023 | H58: 46053 | I58: 100 | J58: =NETWORKDAYS(G58,H58)*I58% -> 22 | K58: =J58-COUNTIF(V58:AZ58,"L")-COUNTIF(V58:AZ58,"H")-COUNTIF(V58:AZ58,"HDL")/2-COUNTIF(V58:AZ58,"NB") -> 18 | M58: =SUM(K58:L58) -> 18 | O58: =K58-N58 -> 18 | P58: =J58-K58 -> 4 | Q58: =COUNTIF(V58:BF58,"L")+COUNTIF(V58:BF58,"HDL")/2 -> 1 | R58: Removed 2nd jan as Leave | S58: YES | T58: YES | U58: YES | V58: H | AJ58: H | AU58: H | AV58: L
B59: F08227 | C59: Shubham Bhaskar | E59: shubham.bhaskar@fractal.ai | G59: 46023 | H59: 46053 | I59: 100 | J59: =NETWORKDAYS(G59,H59)*I59% -> 22 | K59: =J59-COUNTIF(V59:AZ59,"L")-COUNTIF(V59:AZ59,"H")-COUNTIF(V59:AZ59,"HDL")/2-COUNTIF(V59:AZ59,"NB") -> 17 | M59: =SUM(K59:L59) -> 17 | O59: =K59-N59 -> 17 | P59: =J59-K59 -> 5 | Q59: =COUNTIF(V59:BF59,"L")+COUNTIF(V59:BF59,"HDL")/2 -> 1 | S59: YES | T59: Yes | U59: No | V59: H | W59: NB | AI59: H | AK59: L | AU59: H
B60: F11804 | C60: Shweta Dubey | E60: shweta.dubey@fractal.ai | G60: 46023 | H60: 46053 | I60: 100 | J60: =NETWORKDAYS(G60,H60)*I60% -> 22 | K60: =J60-COUNTIF(V60:AZ60,"L")-COUNTIF(V60:AZ60,"H")-COUNTIF(V60:AZ60,"HDL")/2-COUNTIF(V60:AZ60,"NB") -> 18 | M60: =SUM(K60:L60) -> 18 | O60: =K60-N60 -> 18 | P60: =J60-K60 -> 4 | Q60: =COUNTIF(V60:BF60,"L")+COUNTIF(V60:BF60,"HDL")/2 -> 0 | S60: Yes | T60: Yes | U60: No | V60: H | W60: NB | AI60: H | AU60: H
B61: F13807 | C61: Shyam Sunder Thakur | E61: shyam.thakur@fractal.ai | G61: 46023 | H61: 46053 | I61: 100 | J61: =NETWORKDAYS(G61,H61)*I61% -> 22 | K61: =J61-COUNTIF(V61:AZ61,"L")-COUNTIF(V61:AZ61,"H")-COUNTIF(V61:AZ61,"HDL")/2-COUNTIF(V61:AZ61,"NB") -> 19 | M61: =SUM(K61:L61) -> 19 | O61: =K61-N61 -> 19 | P61: =J61-K61 -> 3 | Q61: =COUNTIF(V61:BF61,"L")+COUNTIF(V61:BF61,"HDL")/2 -> 0 | S61: Yes | T61: Yes | U61: Yes | V61: H | AJ61: H | AU61: H
B62: F09899 | C62: Sivani Madivada | E62: sivani.madivada@fractal.ai | G62: 46023 | H62: 46053 | I62: 100 | J62: =NETWORKDAYS(G62,H62)*I62% -> 22 | K62: =J62-COUNTIF(V62:AZ62,"L")-COUNTIF(V62:AZ62,"H")-COUNTIF(V62:AZ62,"HDL")/2-COUNTIF(V62:AZ62,"NB") -> 18 | M62: =SUM(K62:L62) -> 18 | O62: =K62-N62 -> 18 | P62: =J62-K62 -> 4 | Q62: =COUNTIF(V62:BF62,"L")+COUNTIF(V62:BF62,"HDL")/2 -> 1 | S62: Yes | T62: Yes | U62: Yes | V62: H | AI62: H | AK62: L | AU62: H
B63: F16645 | C63: Soumen Das | E63: soumen.das@fractal.ai | G63: 46023 | H63: 46053 | I63: 100 | J63: =NETWORKDAYS(G63,H63)*I63% -> 22 | K63: =J63-COUNTIF(V63:AZ63,"L")-COUNTIF(V63:AZ63,"H")-COUNTIF(V63:AZ63,"HDL")/2-COUNTIF(V63:AZ63,"NB") -> 17 | M63: =SUM(K63:L63) -> 17 | O63: =K63-N63 -> 17 | P63: =J63-K63 -> 5 | Q63: =COUNTIF(V63:BF63,"L")+COUNTIF(V63:BF63,"HDL")/2 -> 2 | S63: Yes | T63: Yes | U63: Yes | V63: H | AA63: L | AB63: L | AI63: H | AU63: H
B64: F14313 | C64: Sujith Kumar B | E64: sujith.b@fractal.ai | G64: 46023 | H64: 46053 | I64: 100 | J64: =NETWORKDAYS(G64,H64)*I64% -> 22 | K64: =J64-COUNTIF(V64:AZ64,"L")-COUNTIF(V64:AZ64,"H")-COUNTIF(V64:AZ64,"HDL")/2-COUNTIF(V64:AZ64,"NB") -> 18 | M64: =SUM(K64:L64) -> 18 | O64: =K64-N64 -> 18 | P64: =J64-K64 -> 4 | Q64: =COUNTIF(V64:BF64,"L")+COUNTIF(V64:BF64,"HDL")/2 -> 1 | S64: Yes | T64: Yes | U64: Yes | V64: H | AI64: H | AR64: L | AU64: H
B65: F16597 | C65: Susatya Sinha | E65: susatya.sinha@fractal.ai | G65: 46023 | H65: 46053 | I65: 100 | J65: =NETWORKDAYS(G65,H65)*I65% -> 22 | K65: =J65-COUNTIF(V65:AZ65,"L")-COUNTIF(V65:AZ65,"H")-COUNTIF(V65:AZ65,"HDL")/2-COUNTIF(V65:AZ65,"NB") -> 16 | M65: =SUM(K65:L65) -> 16 | O65: =K65-N65 -> 16 | P65: =J65-K65 -> 6 | Q65: =COUNTIF(V65:BF65,"L")+COUNTIF(V65:BF65,"HDL")/2 -> 2 | S65: Yes | T65: Yes | U65: Yes | V65: H | W65: NB | AB65: L | AC65: L | AI65: H | AU65: H
B66: F07286 | C66: Sushanth S | E66: sushanth.s@fractal.ai | G66: 46023 | H66: 46053 | I66: 100 | J66: =NETWORKDAYS(G66,H66)*I66% -> 22 | K66: =J66-COUNTIF(V66:AZ66,"L")-COUNTIF(V66:AZ66,"H")-COUNTIF(V66:AZ66,"HDL")/2-COUNTIF(V66:AZ66,"NB") -> 19 | M66: =SUM(K66:L66) -> 19 | O66: =K66-N66 -> 19 | P66: =J66-K66 -> 3 | Q66: =COUNTIF(V66:BF66,"L")+COUNTIF(V66:BF66,"HDL")/2 -> 0 | S66: Yes | T66: Yes | U66: Yes | V66: H | AI66: H | AU66: H
B67: F15206 | C67: Trisha Ranjan | E67: trisha.ranjan@fractal.ai | G67: 46023 | H67: 46053 | I67: 100 | J67: =NETWORKDAYS(G67,H67)*I67% -> 22 | K67: =J67-COUNTIF(V67:AZ67,"L")-COUNTIF(V67:AZ67,"H")-COUNTIF(V67:AZ67,"HDL")/2-COUNTIF(V67:AZ67,"NB") -> 16 | M67: =SUM(K67:L67) -> 16 | O67: =K67-N67 -> 16 | P67: =J67-K67 -> 6 | Q67: =COUNTIF(V67:BF67,"L")+COUNTIF(V67:BF67,"HDL")/2 -> 2 | S67: Yes | T67: Yes | U67: Yes | V67: H | W67: NB | AJ67: H | AU67: H | AV67: L | AW67: L
B68: F11959 | C68: Utkarsh Chaudhary | E68: utkarsh.chaudhary@fractal.ai | G68: 46023 | H68: 46053 | I68: 100 | J68: =NETWORKDAYS(G68,H68)*I68% -> 22 | K68: =J68-COUNTIF(V68:AZ68,"L")-COUNTIF(V68:AZ68,"H")-COUNTIF(V68:AZ68,"HDL")/2-COUNTIF(V68:AZ68,"NB") -> 18 | M68: =SUM(K68:L68) -> 18 | O68: =K68-N68 -> 18 | P68: =J68-K68 -> 4 | Q68: =COUNTIF(V68:BF68,"L")+COUNTIF(V68:BF68,"HDL")/2 -> 1 | R68: Holiday updated | S68: Yes | T68: Yes | U68: Yes | V68: H | AJ68: H | AU68: H | AY68: L
B69: F13312 | C69: Utkarsh Sharma | E69: utkarsh.sharma2@fractal.ai | G69: 46023 | H69: 46053 | I69: 100 | J69: =NETWORKDAYS(G69,H69)*I69% -> 22 | K69: =J69-COUNTIF(V69:AZ69,"L")-COUNTIF(V69:AZ69,"H")-COUNTIF(V69:AZ69,"HDL")/2-COUNTIF(V69:AZ69,"NB") -> 13 | M69: =SUM(K69:L69) -> 13 | O69: =K69-N69 -> 13 | P69: =J69-K69 -> 9 | Q69: =COUNTIF(V69:BF69,"L")+COUNTIF(V69:BF69,"HDL")/2 -> 0 | R69: 5th Jan to 9th Jan updated as NB | S69: Yes | T69: Yes | U69: No | V69: H | W69: NB | Z69: NB | AA69: NB | AB69: NB | AC69: NB | AD69: NB | AJ69: H | AU69: H
B70: F15410 | C70: Vaishnavee Awadhesh Gupta | E70: vaishnavee.gupta@fractal.ai | G70: 46023 | H70: 46053 | I70: 100 | J70: =NETWORKDAYS(G70,H70)*I70% -> 22 | K70: =J70-COUNTIF(V70:AZ70,"L")-COUNTIF(V70:AZ70,"H")-COUNTIF(V70:AZ70,"HDL")/2-COUNTIF(V70:AZ70,"NB") -> 16 | M70: =SUM(K70:L70) -> 16 | O70: =K70-N70 -> 16 | P70: =J70-K70 -> 6 | Q70: =COUNTIF(V70:BF70,"L")+COUNTIF(V70:BF70,"HDL")/2 -> 2 | S70: Yes | T70: Yes | U70: No | V70: H | W70: NB | AA70: L | AJ70: H | AK70: L | AU70: H
B71: F16600 | C71: Vaishnavi Prasad | E71: vaishnavi.prasad@fractal.ai | G71: 46023 | H71: 46053 | I71: 100 | J71: =NETWORKDAYS(G71,H71)*I71% -> 22 | K71: =J71-COUNTIF(V71:AZ71,"L")-COUNTIF(V71:AZ71,"H")-COUNTIF(V71:AZ71,"HDL")/2-COUNTIF(V71:AZ71,"NB") -> 18 | M71: =SUM(K71:L71) -> 18 | O71: =K71-N71 -> 18 | P71: =J71-K71 -> 4 | Q71: =COUNTIF(V71:BF71,"L")+COUNTIF(V71:BF71,"HDL")/2 -> 1 | S71: Yes | T71: Yes | U71: Yes | V71: H | AJ71: H | AR71: L | AU71: H
B72: F14490 | C72: Vanshika Jain | E72: vanshika.jain@fractal.ai | G72: 46023 | H72: 46053 | I72: 100 | J72: =NETWORKDAYS(G72,H72)*I72% -> 22 | K72: =J72-COUNTIF(V72:AZ72,"L")-COUNTIF(V72:AZ72,"H")-COUNTIF(V72:AZ72,"HDL")/2-COUNTIF(V72:AZ72,"NB") -> 18 | M72: =SUM(K72:L72) -> 18 | O72: =K72-N72 -> 18 | P72: =J72-K72 -> 4 | Q72: =COUNTIF(V72:BF72,"L")+COUNTIF(V72:BF72,"HDL")/2 -> 1 | S72: Yes | T72: Yes | U72: Yes | V72: H | AG72: L | AJ72: H | AU72: H
B73: F12344 | C73: Vikash Kumar | E73: vikash.kumar@fractal.ai | G73: 46023 | H73: 46053 | I73: 100 | J73: =NETWORKDAYS(G73,H73)*I73% -> 22 | K73: =J73-COUNTIF(V73:AZ73,"L")-COUNTIF(V73:AZ73,"H")-COUNTIF(V73:AZ73,"HDL")/2-COUNTIF(V73:AZ73,"NB") -> 19 | M73: =SUM(K73:L73) -> 19 | O73: =K73-N73 -> 19 | P73: =J73-K73 -> 3 | Q73: =COUNTIF(V73:BF73,"L")+COUNTIF(V73:BF73,"HDL")/2 -> 0 | S73: Yes | T73: Yes | U73: Yes | V73: H | AJ73: H | AU73: H
B74: F17334 | C74: Vinayprasad Hiremath | E74: vinayprasad.hiremath@fractal.ai | G74: 46023 | H74: 46053 | I74: 100 | J74: =NETWORKDAYS(G74,H74)*I74% -> 22 | K74: =J74-COUNTIF(V74:AZ74,"L")-COUNTIF(V74:AZ74,"H")-COUNTIF(V74:AZ74,"HDL")/2-COUNTIF(V74:AZ74,"NB") -> 17 | M74: =SUM(K74:L74) -> 17 | O74: =K74-N74 -> 17 | P74: =J74-K74 -> 5 | Q74: =COUNTIF(V74:BF74,"L")+COUNTIF(V74:BF74,"HDL")/2 -> 2 | S74: Yes | T74: Yes | U74: Yes | V74: H | AC74: L | AD74: L | AJ74: H | AU74: H
B75: F16925 | C75: Vinodhkumar Santhakumar | E75: vinodhkumar.santhakumar@fractal.ai | G75: 46023 | H75: 46053 | I75: 100 | J75: =NETWORKDAYS(G75,H75)*I75% -> 22 | K75: =J75-COUNTIF(V75:AZ75,"L")-COUNTIF(V75:AZ75,"H")-COUNTIF(V75:AZ75,"HDL")/2-COUNTIF(V75:AZ75,"NB") -> 16 | M75: =SUM(K75:L75) -> 16 | O75: =K75-N75 -> 16 | P75: =J75-K75 -> 6 | Q75: =COUNTIF(V75:BF75,"L")+COUNTIF(V75:BF75,"HDL")/2 -> 3 | S75: Yes | T75: Yes | U75: Yes | V75: H | W75: L | Z75: L | AA75: L | AJ75: H | AU75: H
B76: F15815 | C76: Yashwanth S | E76: yashwanth.s@fractal.ai | G76: 46023 | H76: 46053 | I76: 100 | J76: =NETWORKDAYS(G76,H76)*I76% -> 22 | K76: =J76-COUNTIF(V76:AZ76,"L")-COUNTIF(V76:AZ76,"H")-COUNTIF(V76:AZ76,"HDL")/2-COUNTIF(V76:AZ76,"NB") -> 14 | M76: =SUM(K76:L76) -> 14 | O76: =K76-N76 -> 14 | P76: =J76-K76 -> 8 | Q76: =COUNTIF(V76:BF76,"L")+COUNTIF(V76:BF76,"HDL")/2 -> 4 | S76: Yes | T76: No | U76: No | V76: H | W76: NB | AJ76: H | AK76: L | AQ76: L | AR76: L | AU76: H | AV76: L
J77: =SUM(J5:J76) -> 1584 | K77: =SUM(K5:K76) -> 1210.5 | L77: =SUM(L5:L76) -> 0 | M77: =SUM(M5:M76) -> 1210.5 | N77: =SUM(N5:N76) -> 0 | O77: =SUM(O5:O76) -> 1210.5 | P77: =SUM(P5:P76) -> 373.5
P79: =P77/J77 -> 0.23579545
R81: 3 | S81: =71*R81 -> 213 | T81: Holidays | V81: =370-S85-S86 -> 333
R82: 1 | S82: 31 | T82: NB days for 31 | V82: =V81-S81 -> 120
S83: 5 | T83: NB Days for Utkarsh S
S84: =348.5-S82-S81-S83 -> 99.5
S85: 22 | T85: Amal K
S86: 15 | T86: Kunal K
S87: =S84-S85-S86 -> 62.5

Sheet Sheet2
A1: Employee Code | B1: Employee Name | C1: 46023
A2: F02721 | B2: Ratul Ramchandani | C2: 1 | F2: =_xlfn.XLOOKUP(A2,'Jan''26'!B:B,'Jan''26'!Q:Q,0,0,1) -> 2
A3: F06490 | B3: Mahamad Asif | C3: 1 | F3: =_xlfn.XLOOKUP(A3,'Jan''26'!B:B,'Jan''26'!Q:Q,0,0,1) -> 1
A4: F07471 | B4: Avinash . | C4: 0 | F4: =_xlfn.XLOOKUP(A4,'Jan''26'!B:B,'Jan''26'!Q:Q,0,0,1) -> 0
A5: F07920 | B5: Arjit Sharma | C5: 0 | F5: =_xlfn.XLOOKUP(A5,'Jan''26'!B:B,'Jan''26'!Q:Q,0,0,1) -> 0
A6: F08227 | B6: Shubham Bhaskar | C6: 1 | F6: =_xlfn.XLOOKUP(A6,'Jan''26'!B:B,'Jan''26'!Q:Q,0,0,1) -> 1
A7: F08462 | B7: Ashokkumar Subramani | C7: 0 | F7: =_xlfn.XLOOKUP(A7,'Jan''26'!B:B,'Jan''26'!Q:Q,0,0,1) -> 0
A8: F09402 | B8: Gowtham G | C8: 2 | F8: =_xlfn.XLOOKUP(A8,'Jan''26'!B:B,'Jan''26'!Q:Q,0,0,1) -> 2
A9: F09515 | B9: Roshan Raghavendra Srinivas | C9: 2 | F9: =_xlfn.XLOOKUP(A9,'Jan''26'!B:B,'Jan''26'!Q:Q,0,0,1) -> 2
A10: F09792 | B10: Pinninti Ravindra | C10: 4 | F10: =_xlfn.XLOOKUP(A10,'Jan''26'!B:B,'Jan''26'!Q:Q,0,0,1) -> 4
A11: F10572 | B11: Aakash Arora | C11: 0 | F11: =_xlfn.XLOOKUP(A11,'Jan''26'!B:B,'Jan''26'!Q:Q,0,0,1) -> 0
A12: F11421 | B12: Pavan Kumar Reddy Tondapu | C12: 2 | F12: =_xlfn.XLOOKUP(A12,'Jan''26'!B:B,'Jan''26'!Q:Q,0,0,1) -> 2
A13: F12020 | B13: Aashish Kaushik | C13: 1 | F13: =_xlfn.XLOOKUP(A13,'Jan''26'!B:B,'Jan''26'!Q:Q,0,0,1) -> 1
... A32: F17726 | B32: Bhanu Priya | C32: 4 | F32: =_xlfn.XLOOKUP(A32,'Jan''26'!B:B,'Jan''26'!Q:Q,0,0,1) -> 4
A33: F16221 | B33: Dijal Tom | F33: =_xlfn.XLOOKUP(A33,'Jan''26'!B:B,'Jan''26'!Q:Q,0,0,1) -> 0
A34: F17891 | B34: Hithesh G R | F34: =_xlfn.XLOOKUP(A34,'Jan''26'!B:B,'Jan''26'!Q:Q,0,0,1) -> 0
A35: F11776 | B35: Neha Agrawal | F35: =_xlfn.XLOOKUP(A35,'Jan''26'!B:B,'Jan''26'!Q:Q,0,0,1) -> 0

Sheet Feb'26
E1: To be filled by Ops PMOs only | R1: ---To be filled by Employees---
B2: 1=Working Day | R2: Reason for Non-Billing/Comments | S2: Emp to mark 'Yes' when updated this tracker | T2: Emp to mark 'Yes' when updated the Client timesheet as per this sheet | U2: Emp to mark 'Yes' when updated the Workday as per this sheet | V2: =TEXT(V3,"DDD") -> Sun | W2: =TEXT(W3,"DDD") -> Mon | X2: =TEXT(X3,"DDD") -> Tue | Y2: =TEXT(Y3,"DDD") -> Wed | Z2: =TEXT(Z3,"DDD") -> Thu | AA2: =TEXT(AA3,"DDD") -> Fri | AB2: =TEXT(AB3,"DDD") -> Sat | AC2: =TEXT(AC3,"DDD") -> Sun | ... AW2: =TEXT(AW3,"DDD") -> Sat
B3: Emp Id | C3: Emp Name | D3: Emp Client ID | E3: Fractal Email ID | F3: Client email ID | G3: Allocation Start Date | H3: Allocation End Date | I3: Alloc % | J3: Allocated Days | K3: Billed Days for current month | L3: Adj for past month | M3: Revenue cnf days | N3: Timesheet days | O3: Diff | P3: Unbilled Days | Q3: Total Leave Days | V3: 46054 | W3: =V3+1 -> 46055 | X3: =W3+1 -> 46056 | Y3: =X3+1 -> 46057 | Z3: =Y3+1 -> 46058 | AA3: =Z3+1 -> 46059 | AB3: =AA3+1 -> 46060 | AC3: =AB3+1 -> 46061 | AD3: =AC3+1 -> 46062 | ... AW3: =AV3+1 -> 46081
B4: 1 | C4: =D4+1 -> 3 | D4: =B4+1 -> 2 | E4: =C4+1 -> 4 | F4: =E4+1 -> 5 | G4: =F4+1 -> 6 | H4: =G4+1 -> 7 | I4: =H4+1 -> 8 | J4: =I4+1 -> 9 | K4: =J4+1 -> 10 | L4: =K4+1 -> 11 | M4: =L4+1 -> 12 | ... P4: =O4+1 -> 15 | R4: =P4+1 -> 16 | S4: =R4+1 -> 17 | T4: =S4+1 -> 18 | U4: =T4+1 -> 19 | V4: =U4+1 -> 20 | W4: =V4+1 -> 21 | X4: =W4+1 -> 22 | Y4: =X4+1 -> 23 | Z4: =Y4+1 -> 24 | ... AW4: =AV4+1 -> 47
B5: F10572 | C5: Aakash Arora | G5: 46054 | H5: 46081 | I5: 100 | J5: =NETWORKDAYS(G5,H5)*I5% -> 20 | K5: =J5-COUNTIF(V5:AW5,"L")-COUNTIF(V5:AW5,"H")-COUNTIF(V5:AW5,"HDL")/2-COUNTIF(V5:AW5,"NB") -> 17 | M5: =SUM(K5:L5) -> 17 | O5: =K5-N5 -> 17 | P5: =J5-K5 -> 3 | Q5: =COUNTIF(W5:BF5,"L")+COUNTIF(W5:BF5,"HDL")/2 -> 3 | S5: Yes | T5: NO | U5: Yes | Y5: L | Z5: L | AA5: L
B6: F12020 | C6: Aashish Kaushik | G6: 46054 | H6: 46081 | I6: 100 | J6: =NETWORKDAYS(G6,H6)*I6% -> 20 | K6: =J6-COUNTIF(V6:AW6,"L")-COUNTIF(V6:AW6,"H")-COUNTIF(V6:AW6,"HDL")/2-COUNTIF(V6:AW6,"NB") -> 19 | M6: =SUM(K6:L6) -> 19 | O6: =K6-N6 -> 19 | P6: =J6-K6 -> 1 | Q6: =COUNTIF(W6:BF6,"L")+COUNTIF(W6:BF6,"HDL")/2 -> 1 | S6: Yes | T6: NO | U6: No | AL6: L
B7: F16244 | C7: Abhishek Kumar | G7: 46054 | H7: 46081 | I7: 100 | J7: =NETWORKDAYS(G7,H7)*I7% -> 20 | K7: =J7-COUNTIF(V7:AW7,"L")-COUNTIF(V7:AW7,"H")-COUNTIF(V7:AW7,"HDL")/2-COUNTIF(V7:AW7,"NB") -> 20 | M7: =SUM(K7:L7) -> 20 | O7: =K7-N7 -> 20 | P7: =J7-K7 -> 0 | Q7: =COUNTIF(W7:BF7,"L")+COUNTIF(W7:BF7,"HDL")/2 -> 0 | S7: Yes | T7: Yes | U7: Yes
B8: F17557 | C8: Adithya Udupa | G8: 46054 | H8: 46081 | I8: 100 | J8: =NETWORKDAYS(G8,H8)*I8% -> 20 | K8: =J8-COUNTIF(V8:AW8,"L")-COUNTIF(V8:AW8,"H")-COUNTIF(V8:AW8,"HDL")/2-COUNTIF(V8:AW8,"NB") -> 19 | M8: =SUM(K8:L8) -> 19 | O8: =K8-N8 -> 19 | P8: =J8-K8 -> 1 | Q8: =COUNTIF(W8:BF8,"L")+COUNTIF(W8:BF8,"HDL")/2 -> 1 | S8: Yes | T8: NO | U8: No | AA8: L
B9: F13935 | C9: Akash Badarinath | G9: 46054 | H9: 46081 | I9: 100 | J9: =NETWORKDAYS(G9,H9)*I9% -> 20 | K9: =J9-COUNTIF(V9:AW9,"L")-COUNTIF(V9:AW9,"H")-COUNTIF(V9:AW9,"HDL")/2-COUNTIF(V9:AW9,"NB") -> 15 | M9: =SUM(K9:L9) -> 15 | O9: =K9-N9 -> 15 | P9: =J9-K9 -> 5 | Q9: =COUNTIF(W9:BF9,"L")+COUNTIF(W9:BF9,"HDL")/2 -> 5 | S9: Yes | T9: NO | U9: No | AN9: L | AO9: L | AR9: L | AS9: L | AT9: L
B10: F15043 | C10: Akash Srivastava | G10: 46054 | H10: 46081 | I10: 100 | J10: =NETWORKDAYS(G10,H10)*I10% -> 20 | K10: =J10-COUNTIF(V10:AW10,"L")-COUNTIF(V10:AW10,"H")-COUNTIF(V10:AW10,"HDL")/2-COUNTIF(V10:AW10,"NB") -> 17 | M10: =SUM(K10:L10) -> 17 | O10: =K10-N10 -> 17 | P10: =J10-K10 -> 3 | Q10: =COUNTIF(W10:BF10,"L")+COUNTIF(W10:BF10,"HDL")/2 -> 3 | S10: Yes | T10: Yes | U10: Yes | AA10: L | AG10: L | AH10: L
B11: F15089 | C11: Amal K | G11: 46054 | H11: 46081 | I11: 100 | J11: =NETWORKDAYS(G11,H11)*I11% -> 20 | K11: =J11-COUNTIF(V11:AW11,"L")-COUNTIF(V11:AW11,"H")-COUNTIF(V11:AW11,"HDL")/2-COUNTIF(V11:AW11,"NB") -> 0 | M11: =SUM(K11:L11) -> 0 | O11: =K11-N11 -> 0 | P11: =J11-K11 -> 20 | Q11: =COUNTIF(W11:BF11,"L")+COUNTIF(W11:BF11,"HDL")/2 -> 0 | R11: Allocated to the project, onboarding scheduled for March 2nd. Hence marked as NB. No leaves taken. | S11: yes | T11: NO | U11: yes | W11: NB | X11: NB | Y11: NB | Z11: NB | AA11: NB | AD11: NB | AE11: NB | AF11: NB | AG11: NB | AH11: NB | AK11: NB | AL11: NB | AM11: NB | AN11: NB | AO11: NB | AR11: NB | AS11: NB | AT11: NB | AU11: NB | AV11: NB
B12: F15418 | C12: Ankit . | G12: 46054 | H12: 46081 | I12: 100 | J12: =NETWORKDAYS(G12,H12)*I12% -> 20 | K12: =J12-COUNTIF(V12:AW12,"L")-COUNTIF(V12:AW12,"H")-COUNTIF(V12:AW12,"HDL")/2-COUNTIF(V12:AW12,"NB") -> 20 | M12: =SUM(K12:L12) -> 20 | O12: =K12-N12 -> 20 | P12: =J12-K12 -> 0 | Q12: =COUNTIF(W12:BF12,"L")+COUNTIF(W12:BF12,"HDL")/2 -> 0 | S12: Yes | T12: NO | U12: No
B13: F15194 | C13: Ankit Khandelwal | G13: 46054 | H13: 46081 | I13: 100 | J13: =NETWORKDAYS(G13,H13)*I13% -> 20 | K13: =J13-COUNTIF(V13:AW13,"L")-COUNTIF(V13:AW13,"H")-COUNTIF(V13:AW13,"HDL")/2-COUNTIF(V13:AW13,"NB") -> 20 | M13: =SUM(K13:L13) -> 20 | O13: =K13-N13 -> 20 | P13: =J13-K13 -> 0 | Q13: =COUNTIF(W13:BF13,"L")+COUNTIF(W13:BF13,"HDL")/2 -> 0 | S13: Yes | T13: NO | U13: No
B14: F16266 | C14: Anupam Kumar Tiwari | G14: 46054 | H14: 46081 | I14: 100 | J14: =NETWORKDAYS(G14,H14)*I14% -> 20 | K14: =J14-COUNTIF(V14:AW14,"L")-COUNTIF(V14:AW14,"H")-COUNTIF(V14:AW14,"HDL")/2-COUNTIF(V14:AW14,"NB") -> 19 | M14: =SUM(K14:L14) -> 19 | O14: =K14-N14 -> 19 | P14: =J14-K14 -> 1 | Q14: =COUNTIF(W14:BF14,"L")+COUNTIF(W14:BF14,"HDL")/2 -> 1 | S14: Yes | T14: NO | U14: No | AM14: L
B15: F17311 | C15: Arbaz Ur Rehman Khan | G15: 46054 | H15: 46081 | I15: 100 | J15: =NETWORKDAYS(G15,H15)*I15% -> 20 | K15: =J15-COUNTIF(V15:AW15,"L")-COUNTIF(V15:AW15,"H")-COUNTIF(V15:AW15,"HDL")/2-COUNTIF(V15:AW15,"NB") -> 20 | M15: =SUM(K15:L15) -> 20 | O15: =K15-N15 -> 20 | P15: =J15-K15 -> 0 | Q15: =COUNTIF(W15:BF15,"L")+COUNTIF(W15:BF15,"HDL")/2 -> 0 | S15: Yes | T15: NO | U15: Yes
B16: F15984 | C16: Arindom Goswami | G16: 46054 | H16: 46081 | I16: 100 | J16: =NETWORKDAYS(G16,H16)*I16% -> 20 | K16: =J16-COUNTIF(V16:AW16,"L")-COUNTIF(V16:AW16,"H")-COUNTIF(V16:AW16,"HDL")/2-COUNTIF(V16:AW16,"NB") -> 19 | M16: =SUM(K16:L16) -> 19 | O16: =K16-N16 -> 19 | P16: =J16-K16 -> 1 | Q16: =COUNTIF(W16:BF16,"L")+COUNTIF(W16:BF16,"HDL")/2 -> 1 | S16: Yes | T16: Yes | U16: Yes | AK16: L
B17: F07920 | C17: Arjit Sharma | G17: 46054 | H17: 46081 | I17: 100 | J17: =NETWORKDAYS(G17,H17)*I17% -> 20 | K17: =J17-COUNTIF(V17:AW17,"L")-COUNTIF(V17:AW17,"H")-COUNTIF(V17:AW17,"HDL")/2-COUNTIF(V17:AW17,"NB") -> 18 | M17: =SUM(K17:L17) -> 18 | O17: =K17-N17 -> 18 | P17: =J17-K17 -> 2 | Q17: =COUNTIF(W17:BF17,"L")+COUNTIF(W17:BF17,"HDL")/2 -> 2 | S17: Yes | T17: NO | U17: No | AH17: L | AK17: L
B18: F08462 | C18: Ashokkumar Subramani | G18: 46054 | H18: 46081 | I18: 100 | J18: =NETWORKDAYS(G18,H18)*I18% -> 20 | K18: =J18-COUNTIF(V18:AW18,"L")-COUNTIF(V18:AW18,"H")-COUNTIF(V18:AW18,"HDL")/2-COUNTIF(V18:AW18,"NB") -> 19 | M18: =SUM(K18:L18) -> 19 | O18: =K18-N18 -> 19 | P18: =J18-K18 -> 1 | Q18: =COUNTIF(W18:BF18,"L")+COUNTIF(W18:BF18,"HDL")/2 -> 1 | S18: Yes | T18: NO | U18: No | AL18: L
B19: F07471 | C19: Avinash . | G19: 46054 | H19: 46081 | I19: 100 | J19: =NETWORKDAYS(G19,H19)*I19% -> 20 | K19: =J19-COUNTIF(V19:AW19,"L")-COUNTIF(V19:AW19,"H")-COUNTIF(V19:AW19,"HDL")/2-COUNTIF(V19:AW19,"NB") -> 19 | M19: =SUM(K19:L19) -> 19 | O19: =K19-N19 -> 19 | P19: =J19-K19 -> 1 | Q19: =COUNTIF(W19:BF19,"L")+COUNTIF(W19:BF19,"HDL")/2 -> 1 | S19: Yes | T19: NO | U19: Yes | AT19: L
B20: F17726 | C20: Bhanu Priya | G20: 46054 | H20: 46081 | I20: 100 | J20: =NETWORKDAYS(G20,H20)*I20% -> 20 | K20: =J20-COUNTIF(V20:AW20,"L")-COUNTIF(V20:AW20,"H")-COUNTIF(V20:AW20,"HDL")/2-COUNTIF(V20:AW20,"NB") -> 12 | M20: =SUM(K20:L20) -> 12 | O20: =K20-N20 -> 12 | P20: =J20-K20 -> 8 | Q20: =COUNTIF(W20:BF20,"L")+COUNTIF(W20:BF20,"HDL")/2 -> 8 | R20: Personal Emergency leave for 5 days | S20: Yes | T20: NO | U20: No | W20: L | AK20: L | AL20: L | AR20: L | AS20: L | AT20: L | AU20: L | AV20: L
B21: F05022 | C21: Chaitanya Deepak | G21: 46054 | H21: 46081 | I21: 100 | J21: =NETWORKDAYS(G21,H21)*I21% -> 20 | K21: =J21-COUNTIF(V21:AW21,"L")-COUNTIF(V21:AW21,"H")-COUNTIF(V21:AW21,"HDL")/2-COUNTIF(V21:AW21,"NB") -> 19 | M21: =SUM(K21:L21) -> 19 | O21: =K21-N21 -> 19 | P21: =J21-K21 -> 1 | Q21: =COUNTIF(W21:BF21,"L")+COUNTIF(W21:BF21,"HDL")/2 -> 1 | S21: Yes | T21: Yes | U21: Yes | Y21: L
B22: F14094 | C22: Gokul Vasanth Susindran | G22: 46054 | H22: 46081 | I22: 100 | J22: =NETWORKDAYS(G22,H22)*I22% -> 20 | K22: =J22-COUNTIF(V22:AW22,"L")-COUNTIF(V22:AW22,"H")-COUNTIF(V22:AW22,"HDL")/2-COUNTIF(V22:AW22,"NB") -> 19 | M22: =SUM(K22:L22) -> 19 | O22: =K22-N22 -> 19 | P22: =J22-K22 -> 1 | Q22: =COUNTIF(W22:BF22,"L")+COUNTIF(W22:BF22,"HDL")/2 -> 1 | S22: Yes | T22: Yes | U22: Yes | W22: L
B23: F09402 | C23: Gowtham G | G23: 46054 | H23: 46081 | I23: 100 | J23: =NETWORKDAYS(G23,H23)*I23% -> 20 | K23: =J23-COUNTIF(V23:AW23,"L")-COUNTIF(V23:AW23,"H")-COUNTIF(V23:AW23,"HDL")/2-COUNTIF(V23:AW23,"NB") -> 17 | M23: =SUM(K23:L23) -> 17 | O23: =K23-N23 -> 17 | P23: =J23-K23 -> 3 | Q23: =COUNTIF(W23:BF23,"L")+COUNTIF(W23:BF23,"HDL")/2 -> 3 | S23: Yes | T23: NO | U23: No | Y23: L | Z23: L | AK23: L
B24: F08055 | C24: K Deepak | G24: 46054 | H24: 46081 | I24: 100 | J24: =NETWORKDAYS(G24,H24)*I24% -> 20 | K24: =J24-COUNTIF(V24:AW24,"L")-COUNTIF(V24:AW24,"H")-COUNTIF(V24:AW24,"HDL")/2-COUNTIF(V24:AW24,"NB") -> 18 | M24: =SUM(K24:L24) -> 18 | O24: =K24-N24 -> 18 | P24: =J24-K24 -> 2 | Q24: =COUNTIF(W24:BF24,"L")+COUNTIF(W24:BF24,"HDL")/2 -> 2 | S24: Yes | T24: Yes | U24: Yes | W24: L | X24: L
B25: F13133 | C25: Kartikey Rai | G25: 46054 | H25: 46081 | I25: 100 | J25: =NETWORKDAYS(G25,H25)*I25% -> 20 | K25: =J25-COUNTIF(V25:AW25,"L")-COUNTIF(V25:AW25,"H")-COUNTIF(V25:AW25,"HDL")/2-COUNTIF(V25:AW25,"NB") -> 11 | M25: =SUM(K25:L25) -> 11 | O25: =K25-N25 -> 11 | P25: =J25-K25 -> 9 | Q25: =COUNTIF(W25:BF25,"L")+COUNTIF(W25:BF25,"HDL")/2 -> 2 | R25: Allocated to the project and started working from 11th Feb, hence marked as NB. | S25: Yes | T25: Yes | U25: No | W25: NB | X25: NB | Y25: NB | Z25: NB | AA25: NB | AD25: NB | AE25: NB | AT25: L | AU25: L
B26: F15951 | C26: Kesani Srichandana | G26: 46054 | H26: 46081 | I26: 100 | J26: =NETWORKDAYS(G26,H26)*I26% -> 20 | K26: =J26-COUNTIF(V26:AW26,"L")-COUNTIF(V26:AW26,"H")-COUNTIF(V26:AW26,"HDL")/2-COUNTIF(V26:AW26,"NB") -> 20 | M26: =SUM(K26:L26) -> 20 | O26: =K26-N26 -> 20 | P26: =J26-K26 -> 0 | Q26: =COUNTIF(W26:BF26,"L")+COUNTIF(W26:BF26,"HDL")/2 -> 0 | S26: Yes | T26: NO | U26: No
B27: F16291 | C27: Khasim Pannegatla | G27: 46054 | H27: 46081 | I27: 100 | J27: =NETWORKDAYS(G27,H27)*I27% -> 20 | K27: =J27-COUNTIF(V27:AW27,"L")-COUNTIF(V27:AW27,"H")-COUNTIF(V27:AW27,"HDL")/2-COUNTIF(V27:AW27,"NB") -> 19 | M27: =SUM(K27:L27) -> 19 | O27: =K27-N27 -> 19 | P27: =J27-K27 -> 1 | Q27: =COUNTIF(W27:BF27,"L")+COUNTIF(W27:BF27,"HDL")/2 -> 1 | S27: Yes | T27: Yes | U27: Yes | AL27: L
B28: F16247 | C28: Kiran Mai P | G28: 46054 | H28: 46081 | I28: 100 | J28: =NETWORKDAYS(G28,H28)*I28% -> 20 | K28: =J28-COUNTIF(V28:AW28,"L")-COUNTIF(V28:AW28,"H")-COUNTIF(V28:AW28,"HDL")/2-COUNTIF(V28:AW28,"NB") -> 19 | M28: =SUM(K28:L28) -> 19 | O28: =K28-N28 -> 19 | P28: =J28-K28 -> 1 | Q28: =COUNTIF(W28:BF28,"L")+COUNTIF(W28:BF28,"HDL")/2 -> 1 | S28: Yes | T28: NO | U28: No | AN28: L
B29: F12415 | C29: Kunal Kumar | G29: 46054 | H29: 46081 | I29: 100 | J29: =NETWORKDAYS(G29,H29)*I29% -> 20 | K29: =J29-COUNTIF(V29:AW29,"L")-COUNTIF(V29:AW29,"H")-COUNTIF(V29:AW29,"HDL")/2-COUNTIF(V29:AW29,"NB") -> 20 | M29: =SUM(K29:L29) -> 20 | O29: =K29-N29 -> 20 | P29: =J29-K29 -> 0 | Q29: =COUNTIF(W29:BF29,"L")+COUNTIF(W29:BF29,"HDL")/2 -> 0 | S29: Yes | T29: Yes | U29: Yes
B30: F12766 | C30: Madhavi Latha Kotturu | G30: 46054 | H30: 46081 | I30: 100 | J30: =NETWORKDAYS(G30,H30)*I30% -> 20 | K30: =J30-COUNTIF(V30:AW30,"L")-COUNTIF(V30:AW30,"H")-COUNTIF(V30:AW30,"HDL")/2-COUNTIF(V30:AW30,"NB") -> 19 | M30: =SUM(K30:L30) -> 19 | O30: =K30-N30 -> 19 | P30: =J30-K30 -> 1 | Q30: =COUNTIF(W30:BF30,"L")+COUNTIF(W30:BF30,"HDL")/2 -> 1 | S30: Yes | T30: yes | U30: yes | AM30: L
B31: F06490 | C31: Mahamad Asif | G31: 46054 | H31: 46081 | I31: 100 | J31: =NETWORKDAYS(G31,H31)*I31% -> 20 | K31: =J31-COUNTIF(V31:AW31,"L")-COUNTIF(V31:AW31,"H")-COUNTIF(V31:AW31,"HDL")/2-COUNTIF(V31:AW31,"NB") -> 20 | M31: =SUM(K31:L31) -> 20 | O31: =K31-N31 -> 20 | P31: =J31-K31 -> 0 | Q31: =COUNTIF(W31:BF31,"L")+COUNTIF(W31:BF31,"HDL")/2 -> 0 | S31: Yes | T31: Yes | U31: Yes
B32: F16307 | C32: Mallik Saptarshi Thakur | G32: 46054 | H32: 46057 | I32: 100 | J32: =NETWORKDAYS(G32,H32)*I32% -> 3 | K32: =J32-COUNTIF(V32:AW32,"L")-COUNTIF(V32:AW32,"H")-COUNTIF(V32:AW32,"HDL")/2-COUNTIF(V32:AW32,"NB") -> 3 | M32: =SUM(K32:L32) -> 3 | O32: =K32-N32 -> 3 | P32: =J32-K32 -> 0 | Q32: =COUNTIF(W32:BF32,"L")+COUNTIF(W32:BF32,"HDL")/2 -> 0 | R32: Exit | S32: Yes | T32: NO | U32: No
B33: F14195 | C33: Manish Khare | G33: 46054 | H33: 46081 | I33: 100 | J33: =NETWORKDAYS(G33,H33)*I33% -> 20 | K33: =J33-COUNTIF(V33:AW33,"L")-COUNTIF(V33:AW33,"H")-COUNTIF(V33:AW33,"HDL")/2-COUNTIF(V33:AW33,"NB") -> 20 | M33: =SUM(K33:L33) -> 20 | O33: =K33-N33 -> 20 | P33: =J33-K33 -> 0 | Q33: =COUNTIF(W33:BF33,"L")+COUNTIF(W33:BF33,"HDL")/2 -> 0 | S33: Yes | T33: NO | U33: No
B34: F16444 | C34: Manish Rajesh Sharma | G34: 46054 | H34: 46081 | I34: 100 | J34: =NETWORKDAYS(G34,H34)*I34% -> 20 | K34: =J34-COUNTIF(V34:AW34,"L")-COUNTIF(V34:AW34,"H")-COUNTIF(V34:AW34,"HDL")/2-COUNTIF(V34:AW34,"NB") -> 19 | M34: =SUM(K34:L34) -> 19 | O34: =K34-N34 -> 19 | P34: =J34-K34 -> 1 | Q34: =COUNTIF(W34:BF34,"L")+COUNTIF(W34:BF34,"HDL")/2 -> 1 | S34: Yes | T34: NO | U34: Yes | AK34: L
B35: F13899 | C35: Muhammed Suhail E K | G35: 46054 | H35: 46081 | I35: 100 | J35: =NETWORKDAYS(G35,H35)*I35% -> 20 | K35: =J35-COUNTIF(V35:AW35,"L")-COUNTIF(V35:AW35,"H")-COUNTIF(V35:AW35,"HDL")/2-COUNTIF(V35:AW35,"NB") -> 20 | M35: =SUM(K35:L35) -> 20 | O35: =K35-N35 -> 20 | P35: =J35-K35 -> 0 | Q35: =COUNTIF(W35:BF35,"L")+COUNTIF(W35:BF35,"HDL")/2 -> 0 | S35: Yes | T35: Yes | U35: No
B36: F13753 | C36: Nagarjun K | G36: 46054 | H36: 46081 | I36: 100 | J36: =NETWORKDAYS(G36,H36)*I36% -> 20 | K36: =J36-COUNTIF(V36:AW36,"L")-COUNTIF(V36:AW36,"H")-COUNTIF(V36:AW36,"HDL")/2-COUNTIF(V36:AW36,"NB") -> 18 | M36: =SUM(K36:L36) -> 18 | O36: =K36-N36 -> 18 | P36: =J36-K36 -> 2 | Q36: =COUNTIF(W36:BF36,"L")+COUNTIF(W36:BF36,"HDL")/2 -> 2 | S36: Yes | T36: NO | U36: Yes | AG36: L | AH36: L
B37: F14646 | C37: Nihar Bastia | G37: 46054 | H37: 46081 | I37: 100 | J37: =NETWORKDAYS(G37,H37)*I37% -> 20 | K37: =J37-COUNTIF(V37:AW37,"L")-COUNTIF(V37:AW37,"H")-COUNTIF(V37:AW37,"HDL")/2-COUNTIF(V37:AW37,"NB") -> 19 | M37: =SUM(K37:L37) -> 19 | O37: =K37-N37 -> 19 | P37: =J37-K37 -> 1 | Q37: =COUNTIF(W37:BF37,"L")+COUNTIF(W37:BF37,"HDL")/2 -> 1 | S37: Yes | T37: Yes | U37: Yes | AA37: L
B38: F11421 | C38: Pavan Kumar Reddy Tondapu | G38: 46054 | H38: 46081 | I38: 100 | J38: =NETWORKDAYS(G38,H38)*I38% -> 20 | K38: =J38-COUNTIF(V38:AW38,"L")-COUNTIF(V38:AW38,"H")-COUNTIF(V38:AW38,"HDL")/2-COUNTIF(V38:AW38,"NB") -> 20 | M38: =SUM(K38:L38) -> 20 | O38: =K38-N38 -> 20 | P38: =J38-K38 -> 0 | Q38: =COUNTIF(W38:BF38,"L")+COUNTIF(W38:BF38,"HDL")/2 -> 0 | S38: Yes | T38: NO | U38: No
B39: F09792 | C39: Pinninti Ravindra | G39: 46054 | H39: 46081 | I39: 100 | J39: =NETWORKDAYS(G39,H39)*I39% -> 20 | K39: =J39-COUNTIF(V39:AW39,"L")-COUNTIF(V39:AW39,"H")-COUNTIF(V39:AW39,"HDL")/2-COUNTIF(V39:AW39,"NB") -> 18 | M39: =SUM(K39:L39) -> 18 | O39: =K39-N39 -> 18 | P39: =J39-K39 -> 2 | Q39: =COUNTIF(W39:BF39,"L")+COUNTIF(W39:BF39,"HDL")/2 -> 2 | S39: Yes | T39: NO | U39: No | Y39: L | AR39: L
B40: F15834 | C40: Prajwal Athrey | G40: 46054 | H40: 46081 | I40: 100 | J40: =NETWORKDAYS(G40,H40)*I40% -> 20 | K40: =J40-COUNTIF(V40:AW40,"L")-COUNTIF(V40:AW40,"H")-COUNTIF(V40:AW40,"HDL")/2-COUNTIF(V40:AW40,"NB") -> 20 | M40: =SUM(K40:L40) -> 20 | O40: =K40-N40 -> 20 | P40: =J40-K40 -> 0 | Q40: =COUNTIF(W40:BF40,"L")+COUNTIF(W40:BF40,"HDL")/2 -> 0 | S40: Yes | T40: Yes | U40: Yes
B41: F14085 | C41: Prakash Solanki | G41: 46054 | H41: 46081 | I41: 100 | J41: =NETWORKDAYS(G41,H41)*I41% -> 20 | K41: =J41-COUNTIF(V41:AW41,"L")-COUNTIF(V41:AW41,"H")-COUNTIF(V41:AW41,"HDL")/2-COUNTIF(V41:AW41,"NB") -> 18 | M41: =SUM(K41:L41) -> 18 | O41: =K41-N41 -> 18 | P41: =J41-K41 -> 2 | Q41: =COUNTIF(W41:BF41,"L")+COUNTIF(W41:BF41,"HDL")/2 -> 2 | S41: Yes | T41: NO | U41: No | AH41: L | AO41: L
B42: F14985 | C42: Pranshul Gupta | G42: 46054 | H42: 46081 | I42: 100 | J42: =NETWORKDAYS(G42,H42)*I42% -> 20 | K42: =J42-COUNTIF(V42:AW42,"L")-COUNTIF(V42:AW42,"H")-COUNTIF(V42:AW42,"HDL")/2-COUNTIF(V42:AW42,"NB") -> 20 | M42: =SUM(K42:L42) -> 20 | O42: =K42-N42 -> 20 | P42: =J42-K42 -> 0 | Q42: =COUNTIF(W42:BF42,"L")+COUNTIF(W42:BF42,"HDL")/2 -> 0 | S42: Yes | T42: Yes | U42: Yes
B43: F16097 | C43: Prasad Vinayagam Naidu | G43: 46054 | H43: 46081 | I43: 100 | J43: =NETWORKDAYS(G43,H43)*I43% -> 20 | K43: =J43-COUNTIF(V43:AW43,"L")-COUNTIF(V43:AW43,"H")-COUNTIF(V43:AW43,"HDL")/2-COUNTIF(V43:AW43,"NB") -> 20 | M43: =SUM(K43:L43) -> 20 | O43: =K43-N43 -> 20 | P43: =J43-K43 -> 0 | Q43: =COUNTIF(W43:BF43,"L")+COUNTIF(W43:BF43,"HDL")/2 -> 0 | S43: Yes | T43: Yes | U43: Yes
B44: F17300 | C44: Preet Kanwar Singh | G44: 46054 | H44: 46081 | I44: 100 | J44: =NETWORKDAYS(G44,H44)*I44% -> 20 | K44: =J44-COUNTIF(V44:AW44,"L")-COUNTIF(V44:AW44,"H")-COUNTIF(V44:AW44,"HDL")/2-COUNTIF(V44:AW44,"NB") -> 20 | M44: =SUM(K44:L44) -> 20 | O44: =K44-N44 -> 20 | P44: =J44-K44 -> 0 | Q44: =COUNTIF(W44:BF44,"L")+COUNTIF(W44:BF44,"HDL")/2 -> 0 | S44: Yes | T44: NO | U44: No
B45: F16361 | C45: Rajarshi Pal | G45: 46054 | H45: 46081 | I45: 100 | J45: =NETWORKDAYS(G45,H45)*I45% -> 20 | K45: =J45-COUNTIF(V45:AW45,"L")-COUNTIF(V45:AW45,"H")-COUNTIF(V45:AW45,"HDL")/2-COUNTIF(V45:AW45,"NB") -> 20 | M45: =SUM(K45:L45) -> 20 | O45: =K45-N45 -> 20 | P45: =J45-K45 -> 0 | Q45: =COUNTIF(W45:BF45,"L")+COUNTIF(W45:BF45,"HDL")/2 -> 0 | S45: Yes | T45: Yes | U45: Yes
B46: F16719 | C46: Rajat Kumar Kar | G46: 46054 | H46: 46081 | I46: 100 | J46: =NETWORKDAYS(G46,H46)*I46% -> 20 | K46: =J46-COUNTIF(V46:AW46,"L")-COUNTIF(V46:AW46,"H")-COUNTIF(V46:AW46,"HDL")/2-COUNTIF(V46:AW46,"NB") -> 20 | M46: =SUM(K46:L46) -> 20 | O46: =K46-N46 -> 20 | P46: =J46-K46 -> 0 | Q46: =COUNTIF(W46:BF46,"L")+COUNTIF(W46:BF46,"HDL")/2 -> 0 | S46: Yes | T46: NO | U46: No
B47: F16157 | C47: Rajkiran Edunuri | G47: 46054 | H47: 46081 | I47: 100 | J47: =NETWORKDAYS(G47,H47)*I47% -> 20 | K47: =J47-COUNTIF(V47:AW47,"L")-COUNTIF(V47:AW47,"H")-COUNTIF(V47:AW47,"HDL")/2-COUNTIF(V47:AW47,"NB") -> 20 | M47: =SUM(K47:L47) -> 20 | O47: =K47-N47 -> 20 | P47: =J47-K47 -> 0 | Q47: =COUNTIF(W47:BF47,"L")+COUNTIF(W47:BF47,"HDL")/2 -> 0 | S47: Yes | T47: NO | U47: No
B48: F17359 | C48: RAMASWAMY KOMMAVARAPU | G48: 46054 | H48: 46081 | I48: 100 | J48: =NETWORKDAYS(G48,H48)*I48% -> 20 | K48: =J48-COUNTIF(V48:AW48,"L")-COUNTIF(V48:AW48,"H")-COUNTIF(V48:AW48,"HDL")/2-COUNTIF(V48:AW48,"NB") -> 19 | M48: =SUM(K48:L48) -> 19 | O48: =K48-N48 -> 19 | P48: =J48-K48 -> 1 | Q48: =COUNTIF(W48:BF48,"L")+COUNTIF(W48:BF48,"HDL")/2 -> 1 | S48: Yes | T48: Yes | U48: Yes | AA48: L
B49: F02721 | C49: Ratul Ramchandani | G49: 46054 | H49: 46081 | I49: 100 | J49: =NETWORKDAYS(G49,H49)*I49% -> 20 | K49: =J49-COUNTIF(V49:AW49,"L")-COUNTIF(V49:AW49,"H")-COUNTIF(V49:AW49,"HDL")/2-COUNTIF(V49:AW49,"NB") -> 20 | M49: =SUM(K49:L49) -> 20 | O49: =K49-N49 -> 20 | P49: =J49-K49 -> 0 | Q49: =COUNTIF(W49:BF49,"L")+COUNTIF(W49:BF49,"HDL")/2 -> 0 | S49: Yes | T49: Yes | U49: Yes
B50: F17534 | C50: Rishang Santhpale | G50: 46054 | H50: 46081 | I50: 100 | J50: =NETWORKDAYS(G50,H50)*I50% -> 20 | K50: =J50-COUNTIF(V50:AW50,"L")-COUNTIF(V50:AW50,"H")-COUNTIF(V50:AW50,"HDL")/2-COUNTIF(V50:AW50,"NB") -> 20 | M50: =SUM(K50:L50) -> 20 | O50: =K50-N50 -> 20 | P50: =J50-K50 -> 0 | Q50: =COUNTIF(W50:BF50,"L")+COUNTIF(W50:BF50,"HDL")/2 -> 0 | S50: Yes | T50: NO | U50: No
B51: F14333 | C51: Ritobrita De | G51: 46054 | H51: 46081 | I51: 100 | J51: =NETWORKDAYS(G51,H51)*I51% -> 20 | K51: =J51-COUNTIF(V51:AW51,"L")-COUNTIF(V51:AW51,"H")-COUNTIF(V51:AW51,"HDL")/2-COUNTIF(V51:AW51,"NB") -> 19 | M51: =SUM(K51:L51) -> 19 | O51: =K51-N51 -> 19 | P51: =J51-K51 -> 1 | Q51: =COUNTIF(W51:BF51,"L")+COUNTIF(W51:BF51,"HDL")/2 -> 1 | S51: Yes | T51: Yes | U51: Yes | AK51: L
B52: F09515 | C52: Roshan Raghavendra Srinivas | G52: 46054 | H52: 46081 | I52: 100 | J52: =NETWORKDAYS(G52,H52)*I52% -> 20 | K52: =J52-COUNTIF(V52:AW52,"L")-COUNTIF(V52:AW52,"H")-COUNTIF(V52:AW52,"HDL")/2-COUNTIF(V52:AW52,"NB") -> 19 | M52: =SUM(K52:L52) -> 19 | O52: =K52-N52 -> 19 | P52: =J52-K52 -> 1 | Q52: =COUNTIF(W52:BF52,"L")+COUNTIF(W52:BF52,"HDL")/2 -> 1 | S52: Yes | T52: NO | U52: No | AO52: L
B53: F15145 | C53: Rubini Subash | G53: 46054 | H53: 46081 | I53: 100 | J53: =NETWORKDAYS(G53,H53)*I53% -> 20 | K53: =J53-COUNTIF(V53:AW53,"L")-COUNTIF(V53:AW53,"H")-COUNTIF(V53:AW53,"HDL")/2-COUNTIF(V53:AW53,"NB") -> 18 | M53: =SUM(K53:L53) -> 18 | O53: =K53-N53 -> 18 | P53: =J53-K53 -> 2 | Q53: =COUNTIF(W53:BF53,"L")+COUNTIF(W53:BF53,"HDL")/2 -> 2 | S53: Yes | T53: Yes | U53: No | AN53: L | AU53: L
B54: F16895 | C54: Saanjeev Kumar K R | G54: 46054 | H54: 46081 | I54: 100 | J54: =NETWORKDAYS(G54,H54)*I54% -> 20 | K54: =J54-COUNTIF(V54:AW54,"L")-COUNTIF(V54:AW54,"H")-COUNTIF(V54:AW54,"HDL")/2-COUNTIF(V54:AW54,"NB") -> 20 | M54: =SUM(K54:L54) -> 20 | O54: =K54-N54 -> 20 | P54: =J54-K54 -> 0 | Q54: =COUNTIF(W54:BF54,"L")+COUNTIF(W54:BF54,"HDL")/2 -> 0 | S54: Yes | T54: NO | U54: No
B55: F13601 | C55: Saravanan Bs | G55: 46054 | H55: 46081 | I55: 100 | J55: =NETWORKDAYS(G55,H55)*I55% -> 20 | K55: =J55-COUNTIF(V55:AW55,"L")-COUNTIF(V55:AW55,"H")-COUNTIF(V55:AW55,"HDL")/2-COUNTIF(V55:AW55,"NB") -> 19 | M55: =SUM(K55:L55) -> 19 | O55: =K55-N55 -> 19 | P55: =J55-K55 -> 1 | Q55: =COUNTIF(W55:BF55,"L")+COUNTIF(W55:BF55,"HDL")/2 -> 1 | S55: Yes | T55: Yes | U55: Yes | AO55: L
B56: F08818 | C56: Satheesh Kumar Kaliappan | G56: 46054 | H56: 46081 | I56: 100 | J56: =NETWORKDAYS(G56,H56)*I56% -> 20 | K56: =J56-COUNTIF(V56:AW56,"L")-COUNTIF(V56:AW56,"H")-COUNTIF(V56:AW56,"HDL")/2-COUNTIF(V56:AW56,"NB") -> 20 | M56: =SUM(K56:L56) -> 20 | O56: =K56-N56 -> 20 | P56: =J56-K56 -> 0 | Q56: =COUNTIF(W56:BF56,"L")+COUNTIF(W56:BF56,"HDL")/2 -> 0 | S56: Yes | T56: Yes | U56: Yes
B57: F15781 | C57: Shah Tapan | G57: 46054 | H57: 46081 | I57: 100 | J57: =NETWORKDAYS(G57,H57)*I57% -> 20 | K57: =J57-COUNTIF(V57:AW57,"L")-COUNTIF(V57:AW57,"H")-COUNTIF(V57:AW57,"HDL")/2-COUNTIF(V57:AW57,"NB") -> 20 | M57: =SUM(K57:L57) -> 20 | O57: =K57-N57 -> 20 | P57: =J57-K57 -> 0 | Q57: =COUNTIF(W57:BF57,"L")+COUNTIF(W57:BF57,"HDL")/2 -> 0 | S57: Yes | T57: NO | U57: No
B58: F15363 | C58: Shekhar Singh | G58: 46054 | H58: 46081 | I58: 100 | J58: =NETWORKDAYS(G58,H58)*I58% -> 20 | K58: =J58-COUNTIF(V58:AW58,"L")-COUNTIF(V58:AW58,"H")-COUNTIF(V58:AW58,"HDL")/2-COUNTIF(V58:AW58,"NB") -> 19 | M58: =SUM(K58:L58) -> 19 | O58: =K58-N58 -> 19 | P58: =J58-K58 -> 1 | Q58: =COUNTIF(W58:BF58,"L")+COUNTIF(W58:BF58,"HDL")/2 -> 1 | R58: 21 | S58: Yes | T58: NO | U58: Yes | AK58: L
B59: F16819 | C59: Shivani Kumari | G59: 46054 | H59: 46081 | I59: 100 | J59: =NETWORKDAYS(G59,H59)*I59% -> 20 | K59: =J59-COUNTIF(V59:AW59,"L")-COUNTIF(V59:AW59,"H")-COUNTIF(V59:AW59,"HDL")/2-COUNTIF(V59:AW59,"NB") -> 20 | M59: =SUM(K59:L59) -> 20 | O59: =K59-N59 -> 20 | P59: =J59-K59 -> 0 | Q59: =COUNTIF(W59:BF59,"L")+COUNTIF(W59:BF59,"HDL")/2 -> 0 | S59: Yes | T59: NO | U59: Yes
B60: F08227 | C60: Shubham Bhaskar | G60: 46054 | H60: 46081 | I60: 100 | J60: =NETWORKDAYS(G60,H60)*I60% -> 20 | K60: =J60-COUNTIF(V60:AW60,"L")-COUNTIF(V60:AW60,"H")-COUNTIF(V60:AW60,"HDL")/2-COUNTIF(V60:AW60,"NB") -> 18 | M60: =SUM(K60:L60) -> 18 | O60: =K60-N60 -> 18 | P60: =J60-K60 -> 2 | Q60: =COUNTIF(W60:BF60,"L")+COUNTIF(W60:BF60,"HDL")/2 -> 2 | S60: Yes | T60: NO | U60: No | AD60: L | AE60: L
B61: F11804 | C61: Shweta Dubey | G61: 46054 | H61: 46081 | I61: 100 | J61: =NETWORKDAYS(G61,H61)*I61% -> 20 | K61: =J61-COUNTIF(V61:AW61,"L")-COUNTIF(V61:AW61,"H")-COUNTIF(V61:AW61,"HDL")/2-COUNTIF(V61:AW61,"NB") -> 20 | M61: =SUM(K61:L61) -> 20 | O61: =K61-N61 -> 20 | P61: =J61-K61 -> 0 | Q61: =COUNTIF(W61:BF61,"L")+COUNTIF(W61:BF61,"HDL")/2 -> 0 | S61: Yes | T61: NO | U61: No
B62: F13807 | C62: Shyam Sunder Thakur | G62: 46054 | H62: 46081 | I62: 100 | J62: =NETWORKDAYS(G62,H62)*I62% -> 20 | K62: =J62-COUNTIF(V62:AW62,"L")-COUNTIF(V62:AW62,"H")-COUNTIF(V62:AW62,"HDL")/2-COUNTIF(V62:AW62,"NB") -> 19 | M62: =SUM(K62:L62) -> 19 | O62: =K62-N62 -> 19 | P62: =J62-K62 -> 1 | Q62: =COUNTIF(W62:BF62,"L")+COUNTIF(W62:BF62,"HDL")/2 -> 1 | S62: Yes | T62: Yes | U62: Yes | AN62: L
B63: F09899 | C63: Sivani Madivada | G63: 46054 | H63: 46081 | I63: 100 | J63: =NETWORKDAYS(G63,H63)*I63% -> 20 | K63: =J63-COUNTIF(V63:AW63,"L")-COUNTIF(V63:AW63,"H")-COUNTIF(V63:AW63,"HDL")/2-COUNTIF(V63:AW63,"NB") -> 20 | M63: =SUM(K63:L63) -> 20 | O63: =K63-N63 -> 20 | P63: =J63-K63 -> 0 | Q63: =COUNTIF(W63:BF63,"L")+COUNTIF(W63:BF63,"HDL")/2 -> 0 | S63: Yes | T63: No | U63: Yes
B64: F16645 | C64: Soumen Das | G64: 46054 | H64: 46081 | I64: 100 | J64: =NETWORKDAYS(G64,H64)*I64% -> 20 | K64: =J64-COUNTIF(V64:AW64,"L")-COUNTIF(V64:AW64,"H")-COUNTIF(V64:AW64,"HDL")/2-COUNTIF(V64:AW64,"NB") -> 20 | M64: =SUM(K64:L64) -> 20 | O64: =K64-N64 -> 20 | P64: =J64-K64 -> 0 | Q64: =COUNTIF(W64:BF64,"L")+COUNTIF(W64:BF64,"HDL")/2 -> 0 | S64: Yes | T64: Yes | U64: Yes
B65: F14313 | C65: Sujith Kumar B | G65: 46054 | H65: 46081 | I65: 100 | J65: =NETWORKDAYS(G65,H65)*I65% -> 20 | K65: =J65-COUNTIF(V65:AW65,"L")-COUNTIF(V65:AW65,"H")-COUNTIF(V65:AW65,"HDL")/2-COUNTIF(V65:AW65,"NB") -> 19 | M65: =SUM(K65:L65) -> 19 | O65: =K65-N65 -> 19 | P65: =J65-K65 -> 1 | Q65: =COUNTIF(W65:BF65,"L")+COUNTIF(W65:BF65,"HDL")/2 -> 1 | S65: Yes | T65: Yes | U65: No | AU65: L
B66: F16597 | C66: Susatya Sinha | G66: 46054 | H66: 46081 | I66: 100 | J66: =NETWORKDAYS(G66,H66)*I66% -> 20 | K66: =J66-COUNTIF(V66:AW66,"L")-COUNTIF(V66:AW66,"H")-COUNTIF(V66:AW66,"HDL")/2-COUNTIF(V66:AW66,"NB") -> 18 | M66: =SUM(K66:L66) -> 18 | O66: =K66-N66 -> 18 | P66: =J66-K66 -> 2 | Q66: =COUNTIF(W66:BF66,"L")+COUNTIF(W66:BF66,"HDL")/2 -> 2 | S66: Yes | T66: NO | U66: Yes | Z66: L | AK66: L
B67: F07286 | C67: Sushanth S | G67: 46054 | H67: 46081 | I67: 100 | J67: =NETWORKDAYS(G67,H67)*I67% -> 20 | K67: =J67-COUNTIF(V67:AW67,"L")-COUNTIF(V67:AW67,"H")-COUNTIF(V67:AW67,"HDL")/2-COUNTIF(V67:AW67,"NB") -> 18 | M67: =SUM(K67:L67) -> 18 | O67: =K67-N67 -> 18 | P67: =J67-K67 -> 2 | Q67: =COUNTIF(W67:BF67,"L")+COUNTIF(W67:BF67,"HDL")/2 -> 2 | S67: Yes | T67: Yes | U67: Yes | AK67: L | AV67: L
B68: F14854 | C68: Sushmitha Suresh | G68: 46054 | H68: 46081 | I68: 100 | J68: =NETWORKDAYS(G68,H68)*I68% -> 20 | K68: =J68-COUNTIF(V68:AW68,"L")-COUNTIF(V68:AW68,"H")-COUNTIF(V68:AW68,"HDL")/2-COUNTIF(V68:AW68,"NB") -> 20 | M68: =SUM(K68:L68) -> 20 | O68: =K68-N68 -> 20 | P68: =J68-K68 -> 0 | Q68: =COUNTIF(W68:BF68,"L")+COUNTIF(W68:BF68,"HDL")/2 -> 0 | S68: Yes | T68: NO | U68: No
B69: F15206 | C69: Trisha Ranjan | G69: 46054 | H69: 46081 | I69: 100 | J69: =NETWORKDAYS(G69,H69)*I69% -> 20 | K69: =J69-COUNTIF(V69:AW69,"L")-COUNTIF(V69:AW69,"H")-COUNTIF(V69:AW69,"HDL")/2-COUNTIF(V69:AW69,"NB") -> 12 | M69: =SUM(K69:L69) -> 12 | O69: =K69-N69 -> 12 | P69: =J69-K69 -> 8 | Q69: =COUNTIF(W69:BF69,"L")+COUNTIF(W69:BF69,"HDL")/2 -> 8 | S69: Yes | T69: Yes | U69: No | W69: L | Z69: L | AA69: L | AD69: L | AE69: L | AF69: L | AG69: L | AH69: L
B70: F11959 | C70: Utkarsh Chaudhary | G70: 46054 | H70: 46081 | I70: 100 | J70: =NETWORKDAYS(G70,H70)*I70% -> 20 | K70: =J70-COUNTIF(V70:AW70,"L")-COUNTIF(V70:AW70,"H")-COUNTIF(V70:AW70,"HDL")/2-COUNTIF(V70:AW70,"NB") -> 20 | M70: =SUM(K70:L70) -> 20 | O70: =K70-N70 -> 20 | P70: =J70-K70 -> 0 | Q70: =COUNTIF(W70:BF70,"L")+COUNTIF(W70:BF70,"HDL")/2 -> 0 | S70: Yes | T70: NO | U70: No
B71: F13312 | C71: Utkarsh Sharma | G71: 46054 | H71: 46081 | I71: 100 | J71: =NETWORKDAYS(G71,H71)*I71% -> 20 | K71: =J71-COUNTIF(V71:AW71,"L")-COUNTIF(V71:AW71,"H")-COUNTIF(V71:AW71,"HDL")/2-COUNTIF(V71:AW71,"NB") -> 20 | M71: =SUM(K71:L71) -> 20 | O71: =K71-N71 -> 20 | P71: =J71-K71 -> 0 | Q71: =COUNTIF(W71:BF71,"L")+COUNTIF(W71:BF71,"HDL")/2 -> 0 | S71: Yes | T71: Yes | U71: Yes
B72: F15410 | C72: Vaishnavee Awadhesh Gupta | G72: 46054 | H72: 46081 | I72: 100 | J72: =NETWORKDAYS(G72,H72)*I72% -> 20 | K72: =J72-COUNTIF(V72:AW72,"L")-COUNTIF(V72:AW72,"H")-COUNTIF(V72:AW72,"HDL")/2-COUNTIF(V72:AW72,"NB") -> 20 | M72: =SUM(K72:L72) -> 20 | O72: =K72-N72 -> 20 | P72: =J72-K72 -> 0 | Q72: =COUNTIF(W72:BF72,"L")+COUNTIF(W72:BF72,"HDL")/2 -> 0 | S72: Yes | T72: Yes | U72: Yes
B73: F16600 | C73: Vaishnavi Prasad | G73: 46054 | H73: 46081 | I73: 100 | J73: =NETWORKDAYS(G73,H73)*I73% -> 20 | K73: =J73-COUNTIF(V73:AW73,"L")-COUNTIF(V73:AW73,"H")-COUNTIF(V73:AW73,"HDL")/2-COUNTIF(V73:AW73,"NB") -> 19 | M73: =SUM(K73:L73) -> 19 | O73: =K73-N73 -> 19 | P73: =J73-K73 -> 1 | Q73: =COUNTIF(W73:BF73,"L")+COUNTIF(W73:BF73,"HDL")/2 -> 1 | S73: Yes | T73: Yes | U73: Yes | AS73: L
B74: F14490 | C74: Vanshika Jain | G74: 46054 | H74: 46081 | I74: 100 | J74: =NETWORKDAYS(G74,H74)*I74% -> 20 | K74: =J74-COUNTIF(V74:AW74,"L")-COUNTIF(V74:AW74,"H")-COUNTIF(V74:AW74,"HDL")/2-COUNTIF(V74:AW74,"NB") -> 20 | M74: =SUM(K74:L74) -> 20 | O74: =K74-N74 -> 20 | P74: =J74-K74 -> 0 | Q74: =COUNTIF(W74:BF74,"L")+COUNTIF(W74:BF74,"HDL")/2 -> 0 | S74: Yes | T74: NO | U74: Yes
B75: F12344 | C75: Vikash Kumar | G75: 46054 | H75: 46066 | I75: 100 | J75: =NETWORKDAYS(G75,H75)*I75% -> 10 | K75: =J75-COUNTIF(V75:AW75,"L")-COUNTIF(V75:AW75,"H")-COUNTIF(V75:AW75,"HDL")/2-COUNTIF(V75:AW75,"NB") -> 10 | M75: =SUM(K75:L75) -> 10 | O75: =K75-N75 -> 10 | P75: =J75-K75 -> 0 | Q75: =COUNTIF(W75:BF75,"L")+COUNTIF(W75:BF75,"HDL")/2 -> 0 | R75: Last billling day - 15th Feb | S75: Yes | T75: yes | U75: yes
B76: F17334 | C76: Vinayprasad Hiremath | G76: 46054 | H76: 46071 | I76: 100 | J76: =NETWORKDAYS(G76,H76)*I76% -> 13 | K76: =J76-COUNTIF(V76:AW76,"L")-COUNTIF(V76:AW76,"H")-COUNTIF(V76:AW76,"HDL")/2-COUNTIF(V76:AW76,"NB") -> 13 | M76: =SUM(K76:L76) -> 13 | O76: =K76-N76 -> 13 | P76: =J76-K76 -> 0 | Q76: =COUNTIF(W76:BF76,"L")+COUNTIF(W76:BF76,"HDL")/2 -> 0 | S76: Yes | T76: NO | U76: No
B77: F16925 | C77: Vinodhkumar Santhakumar | G77: 46054 | H77: 46081 | I77: 100 | J77: =NETWORKDAYS(G77,H77)*I77% -> 20 | K77: =J77-COUNTIF(V77:AW77,"L")-COUNTIF(V77:AW77,"H")-COUNTIF(V77:AW77,"HDL")/2-COUNTIF(V77:AW77,"NB") -> 19 | M77: =SUM(K77:L77) -> 19 | O77: =K77-N77 -> 19 | P77: =J77-K77 -> 1 | Q77: =COUNTIF(W77:BF77,"L")+COUNTIF(W77:BF77,"HDL")/2 -> 1 | S77: Yes | T77: Yes | U77: Yes | AO77: L
B78: F04861 | C78: Subramanyam Samal | G78: 46054 | H78: 46081 | I78: 100 | J78: =NETWORKDAYS(G78,H78)*I78% -> 20 | K78: =J78-COUNTIF(V78:AW78,"L")-COUNTIF(V78:AW78,"H")-COUNTIF(V78:AW78,"HDL")/2-COUNTIF(V78:AW78,"NB") -> 19 | M78: =SUM(K78:L78) -> 19 | O78: =K78-N78 -> 19 | P78: =J78-K78 -> 1 | Q78: =COUNTIF(W78:BF78,"L")+COUNTIF(W78:BF78,"HDL")/2 -> 1 | R78: NA | S78: Yes | T78: NO | U78: Yes | AU78: L
B79: F11776 | C79: Neha Agrawal | G79: 46067 | H79: 46081 | I79: 100 | J79: =NETWORKDAYS(G79,H79)*I79% -> 10 | K79: =J79-COUNTIF(V79:AW79,"L")-COUNTIF(V79:AW79,"H")-COUNTIF(V79:AW79,"HDL")/2-COUNTIF(V79:AW79,"NB") -> 7.5 | M79: =SUM(K79:L79) -> 7.5 | O79: =K79-N79 -> 7.5 | P79: =J79-K79 -> 2.5 | Q79: =COUNTIF(W79:BF79,"L")+COUNTIF(W79:BF79,"HDL")/2 -> 2.5 | R79: Sick Leave as per email sent by Nagesh | S79: Yes | T79: NO | U79: No | AM79: L | AO79: HDL | AR79: L
B80: F12652 | C80: Seshadri Mohana Lakshmi Sahithi | G80: 46073 | H80: 46081 | I80: 100 | J80: =NETWORKDAYS(G80,H80)*I80% -> 6 | K80: =J80-COUNTIF(V80:AW80,"L")-COUNTIF(V80:AW80,"H")-COUNTIF(V80:AW80,"HDL")/2-COUNTIF(V80:AW80,"NB") -> 6 | M80: =SUM(K80:L80) -> 6 | O80: =K80-N80 -> 6 | P80: =J80-K80 -> 0 | Q80: =COUNTIF(W80:BF80,"L")+COUNTIF(W80:BF80,"HDL")/2 -> 0 | S80: Yes | T80: NO | U80: No
B81: F14503 | C81: Shivangi Khanna | G81: 46073 | H81: 46081 | I81: 100 | J81: =NETWORKDAYS(G81,H81)*I81% -> 6 | K81: =J81-COUNTIF(V81:AW81,"L")-COUNTIF(V81:AW81,"H")-COUNTIF(V81:AW81,"HDL")/2-COUNTIF(V81:AW81,"NB") -> 6 | M81: =SUM(K81:L81) -> 6 | O81: =K81-N81 -> 6 | P81: =J81-K81 -> 0 | Q81: =COUNTIF(W81:BF81,"L")+COUNTIF(W81:BF81,"HDL")/2 -> 0 | S81: Yes | T81: NO | U81: No
B82: F15226 | C82: Jaiyanth RB | G82: 46059 | H82: 46081 | I82: 100 | J82: =NETWORKDAYS(G82,H82)*I82% -> 16 | K82: =J82-COUNTIF(V82:AW82,"L")-COUNTIF(V82:AW82,"H")-COUNTIF(V82:AW82,"HDL")/2-COUNTIF(V82:AW82,"NB") -> 16 | M82: =SUM(K82:L82) -> 16 | O82: =K82-N82 -> 16 | P82: =J82-K82 -> 0 | Q82: =COUNTIF(W82:BF82,"L")+COUNTIF(W82:BF82,"HDL")/2 -> 0 | S82: Yes | T82: NO | U82: No
B83: F16221 | C83: Dijal Tom | G83: 46059 | H83: 46081 | I83: 100 | J83: =NETWORKDAYS(G83,H83)*I83% -> 16 | K83: =J83-COUNTIF(V83:AW83,"L")-COUNTIF(V83:AW83,"H")-COUNTIF(V83:AW83,"HDL")/2-COUNTIF(V83:AW83,"NB") -> 16 | M83: =SUM(K83:L83) -> 16 | O83: =K83-N83 -> 16 | P83: =J83-K83 -> 0 | Q83: =COUNTIF(W83:BF83,"L")+COUNTIF(W83:BF83,"HDL")/2 -> 0 | S83: Yes | T83: NO | U83: No
B84: F17891 | C84: Hithesh G R | G84: 46073 | H84: 46081 | I84: 100 | J84: =NETWORKDAYS(G84,H84)*I84% -> 6 | K84: =J84-COUNTIF(V84:AW84,"L")-COUNTIF(V84:AW84,"H")-COUNTIF(V84:AW84,"HDL")/2-COUNTIF(V84:AW84,"NB") -> 5 | M84: =SUM(K84:L84) -> 5 | O84: =K84-N84 -> 5 | P84: =J84-K84 -> 1 | Q84: =COUNTIF(W84:BF84,"L")+COUNTIF(W84:BF84,"HDL")/2 -> 1 | S84: Yes | T84: NO | U84: No | W84: L
B85: F17922 | C85: Sunny . | G85: 46068 | H85: 46081 | I85: 100 | J85: =NETWORKDAYS(G85,H85)*I85% -> 10 | K85: =J85-COUNTIF(V85:AW85,"L")-COUNTIF(V85:AW85,"H")-COUNTIF(V85:AW85,"HDL")/2-COUNTIF(V85:AW85,"NB") -> 10 | M85: =SUM(K85:L85) -> 10 | O85: =K85-N85 -> 10 | P85: =J85-K85 -> 0 | Q85: =COUNTIF(W85:BF85,"L")+COUNTIF(W85:BF85,"HDL")/2 -> 0 | S85: Yes | T85: NO | U85: No
B86: F15815 | C86: Yashwanth S | G86: 46054 | H86: 46059 | I86: 100 | J86: =NETWORKDAYS(G86,H86)*I86% -> 5 | K86: =J86-COUNTIF(V86:AW86,"L")-COUNTIF(V86:AW86,"H")-COUNTIF(V86:AW86,"HDL")/2-COUNTIF(V86:AW86,"NB") -> 3.5 | M86: =SUM(K86:L86) -> 3.5 | O86: =K86-N86 -> 3.5 | P86: =J86-K86 -> 1.5 | Q86: =COUNTIF(W86:BF86,"L")+COUNTIF(W86:BF86,"HDL")/2 -> 1.5 | R86: Exit | S86: Yes | T86: NO | U86: No | Z86: HDL | AA86: L
B87: F14764 | C87: Sourav Das | G87: 46072 | H87: 46081 | I87: 100 | J87: =NETWORKDAYS(G87,H87)*I87% -> 7 | K87: =J87-COUNTIF(V87:AW87,"L")-COUNTIF(V87:AW87,"H")-COUNTIF(V87:AW87,"HDL")/2-COUNTIF(V87:AW87,"NB") -> 6 | P87: =J87-K87 -> 1 | Q87: 1 | R87: Travelling, | S87: Yes | T87: NO | U87: NA | AO87: L
B88: F16824 | C88: Abhishek Kamboj | G88: 46054 | H88: 46081 | I88: 100 | J88: =NETWORKDAYS(G88,H88)*I88% -> 20 | K88: =J88-COUNTIF(V88:AW88,"L")-COUNTIF(V88:AW88,"H")-COUNTIF(V88:AW88,"HDL")/2-COUNTIF(V88:AW88,"NB") -> 6 | P88: =J88-K88 -> 14 | Q88: =COUNTIF(W88:BF88,"L")+COUNTIF(W88:BF88,"HDL")/2 -> 1 | S88: Yes | T88: NO | U88: Yes | W88: NB | X88: NB | Y88: NB | Z88: NB | AA88: NB | AD88: NB | AE88: NB | AF88: NB | AG88: NB | AH88: NB | AK88: NB | AL88: NB | AM88: NB | AR88: L
B89: F17876 | C89: Veeresh M | G89: 46054 | H89: 46058 | I89: 100 | J89: =NETWORKDAYS(G89,H89)*I89% -> 4 | K89: =J89-COUNTIF(V89:AW89,"L")-COUNTIF(V89:AW89,"H")-COUNTIF(V89:AW89,"HDL")/2-COUNTIF(V89:AW89,"NB") -> 4 | P89: =J89-K89 -> 0 | Q89: =COUNTIF(W89:BF89,"L")+COUNTIF(W89:BF89,"HDL")/2 -> 0 | R89: Exit | S89: Yes | T89: NO | U89: yes
J90: =SUM(J5:J86) -> 1521 | K90: =SUM(K5:K88) -> 1428 | L90: =SUM(L5:L86) -> 0 | M90: =SUM(M5:M86) -> 1416 | N90: =SUM(N5:N86) -> 0 | O90: =SUM(O5:O86) -> 1416 | P90: =SUM(P5:P88) -> 120 | Q90: =SUM(Q5:Q88) -> 80

Sheet Sheet1
K1: check
A2: F02721 | B2: Ratul Ramchandani | H2: F10572 | I2: Aakash Arora | K2: =VLOOKUP(H2,A:A,1,0) -> F10572
A3: F05022 | B3: Chaitanya Deepak | H3: F12020 | I3: Aashish Kaushik | K3: =VLOOKUP(H3,A:A,1,0) -> F12020
A4: F06490 | B4: Mahamad Asif | H4: F16244 | I4: Abhishek Kumar | K4: =VLOOKUP(H4,A:A,1,0) -> F16244
A5: F07286 | B5: Sushanth S | H5: F17557 | I5: Adithya Udupa | K5: =VLOOKUP(H5,A:A,1,0) -> F17557
A6: F07471 | B6: Avinash . | H6: F13935 | I6: Akash Badarinath | K6: =VLOOKUP(H6,A:A,1,0) -> F13935
A7: F07920 | B7: Arjit Sharma | H7: F15043 | I7: Akash Srivastava | K7: =VLOOKUP(H7,A:A,1,0) -> F15043
A8: F08055 | B8: K Deepak | H8: F15089 | I8: Amal K | K8: =VLOOKUP(H8,A:A,1,0) -> #N/A
A9: F08227 | B9: Shubham Bhaskar | H9: F15418 | I9: Ankit . | K9: =VLOOKUP(H9,A:A,1,0) -> F15418
A10: F08462 | B10: Ashokkumar Subramani | H10: F15194 | I10: Ankit Khandelwal | K10: =VLOOKUP(H10,A:A,1,0) -> F15194
A11: F08818 | B11: Satheesh Kumar Kaliappan | H11: F16266 | I11: Anupam Kumar Tiwari | K11: =VLOOKUP(H11,A:A,1,0) -> F16266
A12: F09402 | B12: Gowtham G | H12: F17311 | I12: Arbaz Ur Rehman Khan | K12: =VLOOKUP(H12,A:A,1,0) -> F17311
A13: F09515 | B13: Roshan Raghavendra Srinivas | H13: F15984 | I13: Arindom Goswami | K13: =VLOOKUP(H13,A:A,1,0) -> F15984
... A77: F11776 | B77: Neha Agrawal | H77: F12652 | I77: Seshadri Mohana Lakshmi Sahithi | K77: =VLOOKUP(H77,A:A,1,0) -> #N/A
H78: F14503 | I78: Shivangi Khanna | K78: =VLOOKUP(H78,A:A,1,0) -> #N/A
H79: F15226 | I79: Jaiyanth RB | K79: =VLOOKUP(H79,A:A,1,0) -> F15226
H80: F16221 | I80: Dijal Tom | K80: =VLOOKUP(H80,A:A,1,0) -> F16221
H81: F17891 | I81: Hithesh G R | K81: =VLOOKUP(H81,A:A,1,0) -> F17891
H82: F17922 | I82: Sunny . | K82: =VLOOKUP(H82,A:A,1,0) -> #N/A
H83: F15815 | I83: Yashwanth S | K83: =VLOOKUP(H83,A:A,1,0) -> F15815
H84: F14764 | I84: Sourav Das | K84: =VLOOKUP(H84,A:A,1,0) -> #N/A
H85: F16824 | I85: Abhishek Kamboj | K85: =VLOOKUP(H85,A:A,1,0) -> #N/A
H86: F17876 | I86: Veeresh M | K86: =VLOOKUP(H86,A:A,1,0) -> #N/A

Sheet Mar'26
E1: To be filled by Ops PMOs only | R1: ---To be filled by Employees---
B2: 1=Working Day | G2: <------------------------------------------------------------Not to edited or changed by indiviudals---------------------------------------------------------> | R2: Reason for Non-Billing/Comments | S2: Emp to mark 'Yes' when updated this tracker | T2: Emp to mark 'Yes' when updated the Client timesheet as per this sheet | U2: Emp to mark 'Yes' when updated the Workday as per this sheet | V2: =TEXT(V3,"DDD") -> Sun | W2: =TEXT(W3,"DDD") -> Mon | X2: =TEXT(X3,"DDD") -> Tue | Y2: =TEXT(Y3,"DDD") -> Wed | Z2: =TEXT(Z3,"DDD") -> Thu | AA2: =TEXT(AA3,"DDD") -> Fri | AB2: =TEXT(AB3,"DDD") -> Sat | AC2: =TEXT(AC3,"DDD") -> Sun | ... AZ2: =TEXT(AZ3,"DDD") -> Tue
B3: Emp Id | C3: Emp Name | D3: Emp Client ID | E3: Fractal Email ID | F3: Client email ID | G3: Allocation Start Date | H3: Allocation End Date | I3: Alloc % | J3: Allocated Days | K3: Billed Days for current month | L3: Adj for past month | M3: Revenue cnf days | N3: Timesheet days | O3: Diff | P3: Unbilled Days | Q3: Total Leave Days | V3: 46082 | W3: =V3+1 -> 46083 | X3: =W3+1 -> 46084 | Y3: =X3+1 -> 46085 | Z3: =Y3+1 -> 46086 | AA3: =Z3+1 -> 46087 | AB3: =AA3+1 -> 46088 | AC3: =AB3+1 -> 46089 | AD3: =AC3+1 -> 46090 | ... AZ3: =AY3+1 -> 46112
B4: 1 | C4: =D4+1 -> 3 | D4: =B4+1 -> 2 | E4: =C4+1 -> 4 | F4: =E4+1 -> 5 | G4: =F4+1 -> 6 | H4: =G4+1 -> 7 | I4: =H4+1 -> 8 | J4: =I4+1 -> 9 | K4: =J4+1 -> 10 | L4: =K4+1 -> 11 | M4: =L4+1 -> 12 | ... P4: =O4+1 -> 15 | R4: =P4+1 -> 16 | S4: =R4+1 -> 17 | T4: =S4+1 -> 18 | U4: =T4+1 -> 19 | V4: =U4+1 -> 20 | W4: =V4+1 -> 21 | X4: =W4+1 -> 22 | Y4: =X4+1 -> 23 | Z4: =Y4+1 -> 24 | ... AZ4: =AY4+1 -> 50
B5: F10572 | C5: Aakash Arora | G5: 46082 | H5: 46112 | I5: 100 | J5: =NETWORKDAYS(G5,H5)*I5% -> 22 | K5: =J5-COUNTIF(V5:AZ5,"L")-COUNTIF(V5:AZ5,"H")-COUNTIF(V5:AZ5,"HDL")/2-COUNTIF(V5:AZ5,"NB") -> 18 | M5: =SUM(K5:L5) -> 18 | O5: =K5-N5 -> 18 | P5: =J5-K5 -> 4 | Q5: =COUNTIF(W5:BF5,"L")+COUNTIF(W5:BF5,"HDL")/2 -> 2 | S5: Yes | T5: Yes | U5: Yes | Y5: L | AD5: L | AN5: H | AO5: H
B6: F12020 | C6: Aashish Kaushik | G6: 46082 | H6: 46112 | I6: 100 | J6: =NETWORKDAYS(G6,H6)*I6% -> 22 | K6: =J6-COUNTIF(V6:AZ6,"L")-COUNTIF(V6:AZ6,"H")-COUNTIF(V6:AZ6,"HDL")/2-COUNTIF(V6:AZ6,"NB") -> 16 | M6: =SUM(K6:L6) -> 16 | O6: =K6-N6 -> 16 | P6: =J6-K6 -> 6 | Q6: =COUNTIF(W6:BF6,"L")+COUNTIF(W6:BF6,"HDL")/2 -> 4 | S6: Yes | T6: No | U6: No | AE6: L | AK6: L | AM6: L | AN6: H | AO6: H | AR6: L
B7: F16244 | C7: Abhishek Kumar | G7: 46082 | H7: 46112 | I7: 100 | J7: =NETWORKDAYS(G7,H7)*I7% -> 22 | K7: =J7-COUNTIF(V7:AZ7,"L")-COUNTIF(V7:AZ7,"H")-COUNTIF(V7:AZ7,"HDL")/2-COUNTIF(V7:AZ7,"NB") -> 16 | M7: =SUM(K7:L7) -> 16 | O7: =K7-N7 -> 16 | P7: =J7-K7 -> 6 | Q7: 4 | S7: Yes | T7: Yes | U7: Yes | AN7: H | AO7: H | AT7: L | AU7: L | AV7: L | AZ7: L
B8: F17557 | C8: Adithya Udupa | G8: 46082 | H8: 46112 | I8: 100 | J8: =NETWORKDAYS(G8,H8)*I8% -> 22 | K8: =J8-COUNTIF(V8:AZ8,"L")-COUNTIF(V8:AZ8,"H")-COUNTIF(V8:AZ8,"HDL")/2-COUNTIF(V8:AZ8,"NB") -> 17 | M8: =SUM(K8:L8) -> 17 | O8: =K8-N8 -> 17 | P8: =J8-K8 -> 5 | Q8: =COUNTIF(W8:BF8,"L")+COUNTIF(W8:BF8,"HDL")/2 -> 3 | S8: Yes | T8: No | U8: No | AA8: L | AN8: H | AO8: H | AR8: L | AS8: L
B9: F13935 | C9: Akash Badarinath | G9: 46082 | H9: 46112 | I9: 100 | J9: =NETWORKDAYS(G9,H9)*I9% -> 22 | K9: =J9-COUNTIF(V9:AZ9,"L")-COUNTIF(V9:AZ9,"H")-COUNTIF(V9:AZ9,"HDL")/2-COUNTIF(V9:AZ9,"NB") -> 17 | M9: =SUM(K9:L9) -> 17 | O9: =K9-N9 -> 17 | P9: =J9-K9 -> 5 | Q9: =COUNTIF(W9:BF9,"L")+COUNTIF(W9:BF9,"HDL")/2 -> 3 | S9: Yes | T9: Yes | U9: Yes | AK9: L | AL9: L | AM9: L | AN9: H | AO9: H
B10: F15043 | C10: Akash Srivastava | G10: 46082 | H10: 46112 | I10: 100 | J10: =NETWORKDAYS(G10,H10)*I10% -> 22 | K10: =J10-COUNTIF(V10:AZ10,"L")-COUNTIF(V10:AZ10,"H")-COUNTIF(V10:AZ10,"HDL")/2-COUNTIF(V10:AZ10,"NB") -> 19 | M10: =SUM(K10:L10) -> 19 | O10: =K10-N10 -> 19 | P10: =J10-K10 -> 3 | Q10: 1 | S10: Yes | T10: Yes | U10: Yes | Y10: L | AN10: H | AO10: H
B11: F15418 | C11: Ankit . | G11: 46082 | H11: 46112 | I11: 100 | J11: =NETWORKDAYS(G11,H11)*I11% -> 22 | K11: =J11-COUNTIF(V11:AZ11,"L")-COUNTIF(V11:AZ11,"H")-COUNTIF(V11:AZ11,"HDL")/2-COUNTIF(V11:AZ11,"NB") -> 16 | M11: =SUM(K11:L11) -> 16 | O11: =K11-N11 -> 16 | P11: =J11-K11 -> 6 | Q11: =COUNTIF(W11:BF11,"L")+COUNTIF(W11:BF11,"HDL")/2 -> 4 | S11: Yes | T11: No | U11: No | Y11: L | AL11: L | AN11: H | AO11: H | AU11: L | AV11: L
B12: F15194 | C12: Ankit Khandelwal | G12: 46082 | H12: 46112 | I12: 100 | J12: =NETWORKDAYS(G12,H12)*I12% -> 22 | K12: =J12-COUNTIF(V12:AZ12,"L")-COUNTIF(V12:AZ12,"H")-COUNTIF(V12:AZ12,"HDL")/2-COUNTIF(V12:AZ12,"NB") -> 13 | M12: =SUM(K12:L12) -> 13 | O12: =K12-N12 -> 13 | P12: =J12-K12 -> 9 | Q12: =COUNTIF(W12:BF12,"L")+COUNTIF(W12:BF12,"HDL")/2 -> 7 | S12: Yes | T12: Yes | U12: Yes | X12: L | Y12: L | Z12: L | AA12: L | AD12: L | AE12: L | AF12: L | AN12: H | AO12: H
B13: F16266 | C13: Anupam Kumar Tiwari | G13: 46082 | H13: 46112 | I13: 100 | J13: =NETWORKDAYS(G13,H13)*I13% -> 22 | K13: =J13-COUNTIF(V13:AZ13,"L")-COUNTIF(V13:AZ13,"H")-COUNTIF(V13:AZ13,"HDL")/2-COUNTIF(V13:AZ13,"NB") -> 18 | M13: =SUM(K13:L13) -> 18 | O13: =K13-N13 -> 18 | P13: =J13-K13 -> 4 | Q13: =COUNTIF(W13:BF13,"L")+COUNTIF(W13:BF13,"HDL")/2 -> 2 | S13: Yes | T13: Yes | U13: Yes | AD13: L | AE13: L | AN13: H | AO13: H
B14: F17311 | C14: Arbaz Ur Rehman Khan | G14: 46082 | H14: 46112 | I14: 100 | J14: =NETWORKDAYS(G14,H14)*I14% -> 22 | K14: =J14-COUNTIF(V14:AZ14,"L")-COUNTIF(V14:AZ14,"H")-COUNTIF(V14:AZ14,"HDL")/2-COUNTIF(V14:AZ14,"NB") -> 17 | M14: =SUM(K14:L14) -> 17 | O14: =K14-N14 -> 17 | P14: =J14-K14 -> 5 | Q14: =COUNTIF(W14:BF14,"L")+COUNTIF(W14:BF14,"HDL")/2 -> 3 | S14: Yes | T14: Yes | U14: Yes | AM14: L | AN14: H | AO14: H | AR14: L | AS14: L
B15: F15984 | C15: Arindom Goswami | G15: 46082 | H15: 46112 | I15: 100 | J15: =NETWORKDAYS(G15,H15)*I15% -> 22 | K15: =J15-COUNTIF(V15:AZ15,"L")-COUNTIF(V15:AZ15,"H")-COUNTIF(V15:AZ15,"HDL")/2-COUNTIF(V15:AZ15,"NB") -> 19 | M15: =SUM(K15:L15) -> 19 | O15: =K15-N15 -> 19 | P15: =J15-K15 -> 3 | Q15: =COUNTIF(W15:BF15,"L")+COUNTIF(W15:BF15,"HDL")/2 -> 1 | S15: Yes | T15: Yes | U15: Yes | AD15: L | AN15: H | AO15: H
B16: F07920 | C16: Arjit Sharma | G16: 46082 | H16: 46112 | I16: 100 | J16: =NETWORKDAYS(G16,H16)*I16% -> 22 | K16: =J16-COUNTIF(V16:AZ16,"L")-COUNTIF(V16:AZ16,"H")-COUNTIF(V16:AZ16,"HDL")/2-COUNTIF(V16:AZ16,"NB") -> 20 | M16: =SUM(K16:L16) -> 20 | O16: =K16-N16 -> 20 | P16: =J16-K16 -> 2 | Q16: =COUNTIF(W16:BF16,"L")+COUNTIF(W16:BF16,"HDL")/2 -> 0 | S16: Yes | T16: Yes | U16: Yes | AN16: H | AO16: H
B17: F08462 | C17: Ashokkumar Subramani | G17: 46082 | H17: 46112 | I17: 100 | J17: =NETWORKDAYS(G17,H17)*I17% -> 22 | K17: =J17-COUNTIF(V17:AZ17,"L")-COUNTIF(V17:AZ17,"H")-COUNTIF(V17:AZ17,"HDL")/2-COUNTIF(V17:AZ17,"NB") -> 11 | L17: w | M17: =SUM(K17:L17) -> 11 | O17: =K17-N17 -> 11 | P17: =J17-K17 -> 11 | Q17: =COUNTIF(W17:BF17,"L")+COUNTIF(W17:BF17,"HDL")/2 -> 9 | S17: Yes | T17: Yes | U17: Yes | Y17: L | AF17: L | AG17: L | AH17: L | AK17: L | AL17: L | AM17: L | AN17: H | AO17: H | AR17: L | AS17: L
B18: F07471 | C18: Avinash . | G18: 46082 | H18: 46112 | I18: 100 | J18: =NETWORKDAYS(G18,H18)*I18% -> 22 | K18: =J18-COUNTIF(V18:AZ18,"L")-COUNTIF(V18:AZ18,"H")-COUNTIF(V18:AZ18,"HDL")/2-COUNTIF(V18:AZ18,"NB") -> 20 | M18: =SUM(K18:L18) -> 20 | O18: =K18-N18 -> 20 | P18: =J18-K18 -> 2 | Q18: =COUNTIF(W18:BF18,"L")+COUNTIF(W18:BF18,"HDL")/2 -> 0 | S18: Yes | T18: Yes | U18: Yes | AN18: H | AO18: H
B19: F17726 | C19: Bhanu Priya | G19: 46082 | H19: 46112 | I19: 100 | J19: =NETWORKDAYS(G19,H19)*I19% -> 22 | K19: =J19-COUNTIF(V19:AZ19,"L")-COUNTIF(V19:AZ19,"H")-COUNTIF(V19:AZ19,"HDL")/2-COUNTIF(V19:AZ19,"NB") -> 20 | M19: =SUM(K19:L19) -> 20 | O19: =K19-N19 -> 20 | P19: =J19-K19 -> 2 | Q19: =COUNTIF(W19:BF19,"L")+COUNTIF(W19:BF19,"HDL")/2 -> 0 | S19: Yes | T19: No | U19: No | AN19: H | AO19: H
B20: F05022 | C20: Chaitanya Deepak | G20: 46082 | H20: 46112 | I20: 100 | J20: =NETWORKDAYS(G20,H20)*I20% -> 22 | K20: =J20-COUNTIF(V20:AZ20,"L")-COUNTIF(V20:AZ20,"H")-COUNTIF(V20:AZ20,"HDL")/2-COUNTIF(V20:AZ20,"NB") -> 15 | M20: =SUM(K20:L20) -> 15 | O20: =K20-N20 -> 15 | P20: =J20-K20 -> 7 | Q20: =COUNTIF(W20:BF20,"L")+COUNTIF(W20:BF20,"HDL")/2 -> 5 | S20: Yes | T20: Yes | U20: Yes | AD20: L | AN20: H | AO20: H | AR20: L | AV20: L | AY20: L | AZ20: L
B21: F14094 | C21: Gokul Vasanth Susindran | G21: 46082 | H21: 46112 | I21: 100 | J21: =NETWORKDAYS(G21,H21)*I21% -> 22 | K21: =J21-COUNTIF(V21:AZ21,"L")-COUNTIF(V21:AZ21,"H")-COUNTIF(V21:AZ21,"HDL")/2-COUNTIF(V21:AZ21,"NB") -> 19 | M21: =SUM(K21:L21) -> 19 | O21: =K21-N21 -> 19 | P21: =J21-K21 -> 3 | Q21: =COUNTIF(W21:BF21,"L")+COUNTIF(W21:BF21,"HDL")/2 -> 1 | S21: Yes | T21: Yes | U21: Yes | AH21: L | AN21: H | AO21: H
B22: F09402 | C22: Gowtham G | G22: 46082 | H22: 46112 | I22: 100 | J22: =NETWORKDAYS(G22,H22)*I22% -> 22 | K22: =J22-COUNTIF(V22:AZ22,"L")-COUNTIF(V22:AZ22,"H")-COUNTIF(V22:AZ22,"HDL")/2-COUNTIF(V22:AZ22,"NB") -> 20 | M22: =SUM(K22:L22) -> 20 | O22: =K22-N22 -> 20 | P22: =J22-K22 -> 2 | Q22: =COUNTIF(W22:BF22,"L")+COUNTIF(W22:BF22,"HDL")/2 -> 0 | S22: Yes | T22: No | U22: No | AN22: H | AO22: H
B23: F08055 | C23: K Deepak | G23: 46082 | H23: 46112 | I23: 100 | J23: =NETWORKDAYS(G23,H23)*I23% -> 22 | K23: =J23-COUNTIF(V23:AZ23,"L")-COUNTIF(V23:AZ23,"H")-COUNTIF(V23:AZ23,"HDL")/2-COUNTIF(V23:AZ23,"NB") -> 20 | M23: =SUM(K23:L23) -> 20 | O23: =K23-N23 -> 20 | P23: =J23-K23 -> 2 | Q23: =COUNTIF(W23:BF23,"L")+COUNTIF(W23:BF23,"HDL")/2 -> 0 | S23: Yes | T23: Yes | U23: Yes | AN23: H | AO23: H
B24: F13133 | C24: Kartikey Rai | G24: 46082 | H24: 46112 | I24: 100 | J24: =NETWORKDAYS(G24,H24)*I24% -> 22 | K24: =J24-COUNTIF(V24:AZ24,"L")-COUNTIF(V24:AZ24,"H")-COUNTIF(V24:AZ24,"HDL")/2-COUNTIF(V24:AZ24,"NB") -> 18 | M24: =SUM(K24:L24) -> 18 | O24: =K24-N24 -> 18 | P24: =J24-K24 -> 4 | Q24: =COUNTIF(W24:BF24,"L")+COUNTIF(W24:BF24,"HDL")/2 -> 2 | S24: Yes | T24: Yes | U24: Yes | AN24: H | AO24: H | AU24: L | AV24: L
B25: F15951 | C25: Kesani Srichandana | G25: 46082 | H25: 46112 | I25: 100 | J25: =NETWORKDAYS(G25,H25)*I25% -> 22 | K25: =J25-COUNTIF(V25:AZ25,"L")-COUNTIF(V25:AZ25,"H")-COUNTIF(V25:AZ25,"HDL")/2-COUNTIF(V25:AZ25,"NB") -> 20 | M25: =SUM(K25:L25) -> 20 | O25: =K25-N25 -> 20 | P25: =J25-K25 -> 2 | Q25: =COUNTIF(W25:BF25,"L")+COUNTIF(W25:BF25,"HDL")/2 -> 0 | S25: Yes | T25: No | U25: Yes | AN25: H | AO25: H
B26: F16291 | C26: Khasim Pannegatla | G26: 46082 | H26: 46112 | I26: 100 | J26: =NETWORKDAYS(G26,H26)*I26% -> 22 | K26: =J26-COUNTIF(V26:AZ26,"L")-COUNTIF(V26:AZ26,"H")-COUNTIF(V26:AZ26,"HDL")/2-COUNTIF(V26:AZ26,"NB") -> 19 | M26: =SUM(K26:L26) -> 19 | O26: =K26-N26 -> 19 | P26: =J26-K26 -> 3 | Q26: =COUNTIF(W26:BF26,"L")+COUNTIF(W26:BF26,"HDL")/2 -> 1 | S26: Yes | T26: Yes | U26: Yes | AM26: L | AN26: H | AO26: H
B27: F16247 | C27: Kiran Mai P | G27: 46082 | H27: 46112 | I27: 100 | J27: =NETWORKDAYS(G27,H27)*I27% -> 22 | K27: =J27-COUNTIF(V27:AZ27,"L")-COUNTIF(V27:AZ27,"H")-COUNTIF(V27:AZ27,"HDL")/2-COUNTIF(V27:AZ27,"NB") -> 19 | M27: =SUM(K27:L27) -> 19 | O27: =K27-N27 -> 19 | P27: =J27-K27 -> 3 | Q27: =COUNTIF(W27:BF27,"L")+COUNTIF(W27:BF27,"HDL")/2 -> 1 | S27: Yes | T27: No | U27: yes | AK27: L | AN27: H | AO27: H
B28: F12415 | C28: Kunal Kumar | G28: 46082 | H28: 46112 | I28: 100 | J28: =NETWORKDAYS(G28,H28)*I28% -> 22 | K28: =J28-COUNTIF(V28:AZ28,"L")-COUNTIF(V28:AZ28,"H")-COUNTIF(V28:AZ28,"HDL")/2-COUNTIF(V28:AZ28,"NB") -> 20 | M28: =SUM(K28:L28) -> 20 | O28: =K28-N28 -> 20 | P28: =J28-K28 -> 2 | Q28: =COUNTIF(W28:BF28,"L")+COUNTIF(W28:BF28,"HDL")/2 -> 0 | S28: Yes | T28: Yes | U28: Yes | AN28: H | AO28: H
B29: F12766 | C29: Madhavi Latha Kotturu | G29: 46082 | H29: 46112 | I29: 100 | J29: =NETWORKDAYS(G29,H29)*I29% -> 22 | K29: =J29-COUNTIF(V29:AZ29,"L")-COUNTIF(V29:AZ29,"H")-COUNTIF(V29:AZ29,"HDL")/2-COUNTIF(V29:AZ29,"NB") -> 15 | M29: =SUM(K29:L29) -> 15 | O29: =K29-N29 -> 15 | P29: =J29-K29 -> 7 | Q29: =COUNTIF(W29:BF29,"L")+COUNTIF(W29:BF29,"HDL")/2 -> 5 | S29: Yes | T29: yes | U29: Yes | AG29: L | AH29: L | AK29: L | AL29: L | AM29: L | AN29: H | AO29: H
B30: F06490 | C30: Mahamad Asif | G30: 46082 | H30: 46112 | I30: 100 | J30: =NETWORKDAYS(G30,H30)*I30% -> 22 | K30: =J30-COUNTIF(V30:AZ30,"L")-COUNTIF(V30:AZ30,"H")-COUNTIF(V30:AZ30,"HDL")/2-COUNTIF(V30:AZ30,"NB") -> 17 | M30: =SUM(K30:L30) -> 17 | O30: =K30-N30 -> 17 | P30: =J30-K30 -> 5 | Q30: =COUNTIF(W30:BF30,"L")+COUNTIF(W30:BF30,"HDL")/2 -> 3 | S30: Yes | T30: Yes | U30: Yes | AK30: L | AL30: L | AM30: L | AN30: H | AO30: H
B31: F14195 | C31: Manish Khare | G31: 46082 | H31: 46112 | I31: 100 | J31: =NETWORKDAYS(G31,H31)*I31% -> 22 | K31: =J31-COUNTIF(V31:AZ31,"L")-COUNTIF(V31:AZ31,"H")-COUNTIF(V31:AZ31,"HDL")/2-COUNTIF(V31:AZ31,"NB") -> 20 | M31: =SUM(K31:L31) -> 20 | O31: =K31-N31 -> 20 | P31: =J31-K31 -> 2 | Q31: =COUNTIF(W31:BF31,"L")+COUNTIF(W31:BF31,"HDL")/2 -> 0 | S31: Yes | T31: Yes | U31: yes | AN31: H | AO31: H
B32: F16444 | C32: Manish Rajesh Sharma | G32: 46082 | H32: 46112 | I32: 100 | J32: =NETWORKDAYS(G32,H32)*I32% -> 22 | K32: =J32-COUNTIF(V32:AZ32,"L")-COUNTIF(V32:AZ32,"H")-COUNTIF(V32:AZ32,"HDL")/2-COUNTIF(V32:AZ32,"NB") -> 18 | M32: =SUM(K32:L32) -> 18 | O32: =K32-N32 -> 18 | P32: =J32-K32 -> 4 | Q32: =COUNTIF(W32:BF32,"L")+COUNTIF(W32:BF32,"HDL")/2 -> 2 | S32: Yes | T32: Yes | U32: Yes | AK32: L | AM32: L | AN32: H | AO32: H
B33: F13899 | C33: Muhammed Suhail E K | G33: 46082 | H33: 46112 | I33: 100 | J33: =NETWORKDAYS(G33,H33)*I33% -> 22 | K33: =J33-COUNTIF(V33:AZ33,"L")-COUNTIF(V33:AZ33,"H")-COUNTIF(V33:AZ33,"HDL")/2-COUNTIF(V33:AZ33,"NB") -> 20 | M33: =SUM(K33:L33) -> 20 | O33: =K33-N33 -> 20 | P33: =J33-K33 -> 2 | Q33: =COUNTIF(W33:BF33,"L")+COUNTIF(W33:BF33,"HDL")/2 -> 0 | S33: Yes | T33: No | U33: No | AN33: H | AO33: H
B34: F13753 | C34: Nagarjun K | G34: 46082 | H34: 46112 | I34: 100 | J34: =NETWORKDAYS(G34,H34)*I34% -> 22 | K34: =J34-COUNTIF(V34:AZ34,"L")-COUNTIF(V34:AZ34,"H")-COUNTIF(V34:AZ34,"HDL")/2-COUNTIF(V34:AZ34,"NB") -> 20 | M34: =SUM(K34:L34) -> 20 | O34: =K34-N34 -> 20 | P34: =J34-K34 -> 2 | Q34: =COUNTIF(W34:BF34,"L")+COUNTIF(W34:BF34,"HDL")/2 -> 0 | S34: Yes | T34: No | U34: No | AN34: H | AO34: H
B35: F14646 | C35: Nihar Bastia | G35: 46082 | H35: 46112 | I35: 100 | J35: =NETWORKDAYS(G35,H35)*I35% -> 22 | K35: =J35-COUNTIF(V35:AZ35,"L")-COUNTIF(V35:AZ35,"H")-COUNTIF(V35:AZ35,"HDL")/2-COUNTIF(V35:AZ35,"NB") -> 19 | M35: =SUM(K35:L35) -> 19 | O35: =K35-N35 -> 19 | P35: =J35-K35 -> 3 | Q35: =COUNTIF(W35:BF35,"L")+COUNTIF(W35:BF35,"HDL")/2 -> 1 | S35: Yes | T35: Yes | U35: Yes | Y35: L | AN35: H | AO35: H
B36: F11421 | C36: Pavan Kumar Reddy Tondapu | G36: 46082 | H36: 46112 | I36: 100 | J36: =NETWORKDAYS(G36,H36)*I36% -> 22 | K36: =J36-COUNTIF(V36:AZ36,"L")-COUNTIF(V36:AZ36,"H")-COUNTIF(V36:AZ36,"HDL")/2-COUNTIF(V36:AZ36,"NB") -> 20 | M36: =SUM(K36:L36) -> 20 | O36: =K36-N36 -> 20 | P36: =J36-K36 -> 2 | Q36: =COUNTIF(W36:BF36,"L")+COUNTIF(W36:BF36,"HDL")/2 -> 0 | S36: Yes | T36: No | U36: Yes | AN36: H | AO36: H
B37: F09792 | C37: Pinninti Ravindra | G37: 46082 | H37: 46112 | I37: 100 | J37: =NETWORKDAYS(G37,H37)*I37% -> 22 | K37: =J37-COUNTIF(V37:AZ37,"L")-COUNTIF(V37:AZ37,"H")-COUNTIF(V37:AZ37,"HDL")/2-COUNTIF(V37:AZ37,"NB") -> 17.5 | M37: =SUM(K37:L37) -> 17.5 | O37: =K37-N37 -> 17.5 | P37: =J37-K37 -> 4.5 | Q37: =COUNTIF(W37:BF37,"L")+COUNTIF(W37:BF37,"HDL")/2 -> 2.5 | S37: Yes | T37: No | U37: No | AD37: L | AN37: H | AO37: H | AT37: L | AY37: HDL
B38: F15834 | C38: Prajwal Athrey | G38: 46082 | H38: 46112 | I38: 100 | J38: =NETWORKDAYS(G38,H38)*I38% -> 22 | K38: =J38-COUNTIF(V38:AZ38,"L")-COUNTIF(V38:AZ38,"H")-COUNTIF(V38:AZ38,"HDL")/2-COUNTIF(V38:AZ38,"NB") -> 19 | M38: =SUM(K38:L38) -> 19 | O38: =K38-N38 -> 19 | P38: =J38-K38 -> 3 | Q38: =COUNTIF(W38:BF38,"L")+COUNTIF(W38:BF38,"HDL")/2 -> 1 | S38: Yes | T38: Yes | U38: Yes | AK38: L | AN38: H | AO38: H
B39: F14085 | C39: Prakash Solanki | G39: 46082 | H39: 46112 | I39: 100 | J39: =NETWORKDAYS(G39,H39)*I39% -> 22 | K39: =J39-COUNTIF(V39:AZ39,"L")-COUNTIF(V39:AZ39,"H")-COUNTIF(V39:AZ39,"HDL")/2-COUNTIF(V39:AZ39,"NB") -> 19 | M39: =SUM(K39:L39) -> 19 | O39: =K39-N39 -> 19 | P39: =J39-K39 -> 3 | Q39: =COUNTIF(W39:BF39,"L")+COUNTIF(W39:BF39,"HDL")/2 -> 1 | S39: Yes | T39: No | U39: No | Y39: L | AN39: H | AO39: H
B40: F14985 | C40: Pranshul Gupta | G40: 46082 | H40: 46112 | I40: 100 | J40: =NETWORKDAYS(G40,H40)*I40% -> 22 | K40: =J40-COUNTIF(V40:AZ40,"L")-COUNTIF(V40:AZ40,"H")-COUNTIF(V40:AZ40,"HDL")/2-COUNTIF(V40:AZ40,"NB") -> 17 | M40: =SUM(K40:L40) -> 17 | O40: =K40-N40 -> 17 | P40: =J40-K40 -> 5 | Q40: =COUNTIF(W40:BF40,"L")+COUNTIF(W40:BF40,"HDL")/2 -> 3 | S40: Yes | T40: Yes | U40: Yes | AK40: L | AL40: L | AM40: L | AN40: H | AO40: H
B41: F16097 | C41: Prasad Vinayagam Naidu | G41: 46082 | H41: 46112 | I41: 100 | J41: =NETWORKDAYS(G41,H41)*I41% -> 22 | K41: =J41-COUNTIF(V41:AZ41,"L")-COUNTIF(V41:AZ41,"H")-COUNTIF(V41:AZ41,"HDL")/2-COUNTIF(V41:AZ41,"NB") -> 19 | M41: =SUM(K41:L41) -> 19 | O41: =K41-N41 -> 19 | P41: =J41-K41 -> 3 | Q41: =COUNTIF(W41:BF41,"L")+COUNTIF(W41:BF41,"HDL")/2 -> 1 | S41: Yes | T41: Yes | U41: Yes | AA41: L | AN41: H | AO41: H
B42: F17300 | C42: Preet Kanwar Singh | G42: 46082 | H42: 46112 | I42: 100 | J42: =NETWORKDAYS(G42,H42)*I42% -> 22 | K42: =J42-COUNTIF(V42:AZ42,"L")-COUNTIF(V42:AZ42,"H")-COUNTIF(V42:AZ42,"HDL")/2-COUNTIF(V42:AZ42,"NB") -> 20 | M42: =SUM(K42:L42) -> 20 | O42: =K42-N42 -> 20 | P42: =J42-K42 -> 2 | Q42: =COUNTIF(W42:BF42,"L")+COUNTIF(W42:BF42,"HDL")/2 -> 0 | S42: Yes | T42: No | U42: Yes | AN42: H | AO42: H
B43: F16361 | C43: Rajarshi Pal | G43: 46082 | H43: 46112 | I43: 100 | J43: =NETWORKDAYS(G43,H43)*I43% -> 22 | K43: =J43-COUNTIF(V43:AZ43,"L")-COUNTIF(V43:AZ43,"H")-COUNTIF(V43:AZ43,"HDL")/2-COUNTIF(V43:AZ43,"NB") -> 17 | M43: =SUM(K43:L43) -> 17 | O43: =K43-N43 -> 17 | P43: =J43-K43 -> 5 | Q43: =COUNTIF(W43:BF43,"L")+COUNTIF(W43:BF43,"HDL")/2 -> 3 | S43: Yes | T43: Yes | U43: Yes | W43: L | AA43: L | AN43: H | AO43: H | AR43: L
B44: F16719 | C44: Rajat Kumar Kar | G44: 46082 | H44: 46112 | I44: 100 | J44: =NETWORKDAYS(G44,H44)*I44% -> 22 | K44: =J44-COUNTIF(V44:AZ44,"L")-COUNTIF(V44:AZ44,"H")-COUNTIF(V44:AZ44,"HDL")/2-COUNTIF(V44:AZ44,"NB") -> 15 | M44: =SUM(K44:L44) -> 15 | O44: =K44-N44 -> 15 | P44: =J44-K44 -> 7 | Q44: =COUNTIF(W44:BF44,"L")+COUNTIF(W44:BF44,"HDL")/2 -> 5 | S44: Yes | T44: YES | U44: YES | W44: L | X44: L | Y44: L | Z44: L | AA44: L | AN44: H | AO44: H
B45: F16157 | C45: Rajkiran Edunuri | G45: 46082 | H45: 46112 | I45: 100 | J45: =NETWORKDAYS(G45,H45)*I45% -> 22 | K45: =J45-COUNTIF(V45:AZ45,"L")-COUNTIF(V45:AZ45,"H")-COUNTIF(V45:AZ45,"HDL")/2-COUNTIF(V45:AZ45,"NB") -> 17 | M45: =SUM(K45:L45) -> 17 | O45: =K45-N45 -> 17 | P45: =J45-K45 -> 5 | Q45: =COUNTIF(W45:BF45,"L")+COUNTIF(W45:BF45,"HDL")/2 -> 3 | S45: Yes | T45: YES | U45: YES | Z45: L | AA45: L | AD45: L | AN45: H | AO45: H
B46: F17359 | C46: RAMASWAMY KOMMAVARAPU | G46: 46082 | H46: 46112 | I46: 100 | J46: =NETWORKDAYS(G46,H46)*I46% -> 22 | K46: =J46-COUNTIF(V46:AZ46,"L")-COUNTIF(V46:AZ46,"H")-COUNTIF(V46:AZ46,"HDL")/2-COUNTIF(V46:AZ46,"NB") -> 20 | M46: =SUM(K46:L46) -> 20 | O46: =K46-N46 -> 20 | P46: =J46-K46 -> 2 | Q46: =COUNTIF(W46:BF46,"L")+COUNTIF(W46:BF46,"HDL")/2 -> 0 | S46: Yes | T46: Yes | U46: Yes | AN46: H | AO46: H
B47: F02721 | C47: Ratul Ramchandani | G47: 46082 | H47: 46112 | I47: 100 | J47: =NETWORKDAYS(G47,H47)*I47% -> 22 | K47: =J47-COUNTIF(V47:AZ47,"L")-COUNTIF(V47:AZ47,"H")-COUNTIF(V47:AZ47,"HDL")/2-COUNTIF(V47:AZ47,"NB") -> 19 | M47: =SUM(K47:L47) -> 19 | O47: =K47-N47 -> 19 | P47: =J47-K47 -> 3 | Q47: =COUNTIF(W47:BF47,"L")+COUNTIF(W47:BF47,"HDL")/2 -> 1 | S47: Yes | T47: Yes | U47: Yes | Y47: L | AN47: H | AO47: H
B48: F17534 | C48: Rishang Santhpale | G48: 46082 | H48: 46112 | I48: 100 | J48: =NETWORKDAYS(G48,H48)*I48% -> 22 | K48: =J48-COUNTIF(V48:AZ48,"L")-COUNTIF(V48:AZ48,"H")-COUNTIF(V48:AZ48,"HDL")/2-COUNTIF(V48:AZ48,"NB") -> 20 | M48: =SUM(K48:L48) -> 20 | O48: =K48-N48 -> 20 | P48: =J48-K48 -> 2 | Q48: =COUNTIF(W48:BF48,"L")+COUNTIF(W48:BF48,"HDL")/2 -> 0 | S48: Yes | T48: No | U48: No | AN48: H | AO48: H
B49: F14333 | C49: Ritobrita De | G49: 46082 | H49: 46112 | I49: 100 | J49: =NETWORKDAYS(G49,H49)*I49% -> 22 | K49: =J49-COUNTIF(V49:AZ49,"L")-COUNTIF(V49:AZ49,"H")-COUNTIF(V49:AZ49,"HDL")/2-COUNTIF(V49:AZ49,"NB") -> 19 | M49: =SUM(K49:L49) -> 19 | O49: =K49-N49 -> 19 | P49: =J49-K49 -> 3 | Q49: =COUNTIF(W49:BF49,"L")+COUNTIF(W49:BF49,"HDL")/2 -> 1 | S49: Yes | T49: Yes | U49: Yes | Z49: L | AN49: H | AO49: H
B50: F09515 | C50: Roshan Raghavendra Srinivas | G50: 46082 | H50: 46112 | I50: 100 | J50: =NETWORKDAYS(G50,H50)*I50% -> 22 | K50: =J50-COUNTIF(V50:AZ50,"L")-COUNTIF(V50:AZ50,"H")-COUNTIF(V50:AZ50,"HDL")/2-COUNTIF(V50:AZ50,"NB") -> 19 | M50: =SUM(K50:L50) -> 19 | O50: =K50-N50 -> 19 | P50: =J50-K50 -> 3 | Q50: =COUNTIF(W50:BF50,"L")+COUNTIF(W50:BF50,"HDL")/2 -> 1 | S50: Yes | T50: Yes | U50: Yes | AM50: L | AN50: H | AO50: H
B51: F15145 | C51: Rubini Subash | G51: 46082 | H51: 46112 | I51: 100 | J51: =NETWORKDAYS(G51,H51)*I51% -> 22 | K51: =J51-COUNTIF(V51:AZ51,"L")-COUNTIF(V51:AZ51,"H")-COUNTIF(V51:AZ51,"HDL")/2-COUNTIF(V51:AZ51,"NB") -> 18 | M51: =SUM(K51:L51) -> 18 | O51: =K51-N51 -> 18 | P51: =J51-K51 -> 4 | Q51: =COUNTIF(W51:BF51,"L")+COUNTIF(W51:BF51,"HDL")/2 -> 2 | S51: Yes | T51: Yes | U51: Yes | Y51: L | Z51: L | AN51: H | AO51: H
B52: F16895 | C52: Saanjeev Kumar K R | G52: 46082 | H52: 46112 | I52: 100 | J52: =NETWORKDAYS(G52,H52)*I52% -> 22 | K52: =J52-COUNTIF(V52:AZ52,"L")-COUNTIF(V52:AZ52,"H")-COUNTIF(V52:AZ52,"HDL")/2-COUNTIF(V52:AZ52,"NB") -> 20 | M52: =SUM(K52:L52) -> 20 | O52: =K52-N52 -> 20 | P52: =J52-K52 -> 2 | Q52: =COUNTIF(W52:BF52,"L")+COUNTIF(W52:BF52,"HDL")/2 -> 0 | S52: Yes | T52: No | U52: Yes | AN52: H | AO52: H
B53: F13601 | C53: Saravanan Bs | G53: 46082 | H53: 46112 | I53: 100 | J53: =NETWORKDAYS(G53,H53)*I53% -> 22 | K53: =J53-COUNTIF(V53:AZ53,"L")-COUNTIF(V53:AZ53,"H")-COUNTIF(V53:AZ53,"HDL")/2-COUNTIF(V53:AZ53,"NB") -> 18 | M53: =SUM(K53:L53) -> 18 | O53: =K53-N53 -> 18 | P53: =J53-K53 -> 4 | Q53: =COUNTIF(W53:BF53,"L")+COUNTIF(W53:BF53,"HDL")/2 -> 2 | S53: Yes | T53: Yes | U53: Yes | AN53: H | AO53: H | AY53: L | AZ53: L
B54: F08818 | C54: Satheesh Kumar Kaliappan | G54: 46082 | H54: 46112 | I54: 100 | J54: =NETWORKDAYS(G54,H54)*I54% -> 22 | K54: =J54-COUNTIF(V54:AZ54,"L")-COUNTIF(V54:AZ54,"H")-COUNTIF(V54:AZ54,"HDL")/2-COUNTIF(V54:AZ54,"NB") -> 18 | M54: =SUM(K54:L54) -> 18 | O54: =K54-N54 -> 18 | P54: =J54-K54 -> 4 | Q54: =COUNTIF(W54:BF54,"L")+COUNTIF(W54:BF54,"HDL")/2 -> 2 | S54: Yes | T54: Yes | U54: Yes | AL54: L | AN54: H | AO54: H | AV54: L
B55: F15781 | C55: Shah Tapan | G55: 46082 | H55: 46112 | I55: 100 | J55: =NETWORKDAYS(G55,H55)*I55% -> 22 | K55: =J55-COUNTIF(V55:AZ55,"L")-COUNTIF(V55:AZ55,"H")-COUNTIF(V55:AZ55,"HDL")/2-COUNTIF(V55:AZ55,"NB") -> 18 | M55: =SUM(K55:L55) -> 18 | O55: =K55-N55 -> 18 | P55: =J55-K55 -> 4 | Q55: =COUNTIF(W55:BF55,"L")+COUNTIF(W55:BF55,"HDL")/2 -> 2 | S55: Yes | T55: Yes | U55: No | AK55: L | AL55: L | AN55: H | AO55: H
B56: F15363 | C56: Shekhar Singh | G56: 46082 | H56: 46112 | I56: 100 | J56: =NETWORKDAYS(G56,H56)*I56% -> 22 | K56: =J56-COUNTIF(V56:AZ56,"L")-COUNTIF(V56:AZ56,"H")-COUNTIF(V56:AZ56,"HDL")/2-COUNTIF(V56:AZ56,"NB") -> 18 | M56: =SUM(K56:L56) -> 18 | O56: =K56-N56 -> 18 | P56: =J56-K56 -> 4 | Q56: =COUNTIF(W56:BF56,"L")+COUNTIF(W56:BF56,"HDL")/2 -> 2 | S56: Yes | T56: Yes | U56: Yes | W56: L | AN56: H | AO56: H | AR56: L
B57: F16819 | C57: Shivani Kumari | G57: 46082 | H57: 46112 | I57: 100 | J57: =NETWORKDAYS(G57,H57)*I57% -> 22 | K57: =J57-COUNTIF(V57:AZ57,"L")-COUNTIF(V57:AZ57,"H")-COUNTIF(V57:AZ57,"HDL")/2-COUNTIF(V57:AZ57,"NB") -> 20 | M57: =SUM(K57:L57) -> 20 | O57: =K57-N57 -> 20 | P57: =J57-K57 -> 2 | Q57: =COUNTIF(W57:BF57,"L")+COUNTIF(W57:BF57,"HDL")/2 -> 0 | S57: Yes | T57: No | U57: Yes | AN57: H | AO57: H
B58: F08227 | C58: Shubham Bhaskar | G58: 46082 | H58: 46112 | I58: 100 | J58: =NETWORKDAYS(G58,H58)*I58% -> 22 | K58: =J58-COUNTIF(V58:AZ58,"L")-COUNTIF(V58:AZ58,"H")-COUNTIF(V58:AZ58,"HDL")/2-COUNTIF(V58:AZ58,"NB") -> 17 | M58: =SUM(K58:L58) -> 17 | O58: =K58-N58 -> 17 | P58: =J58-K58 -> 5 | Q58: =COUNTIF(W58:BF58,"L")+COUNTIF(W58:BF58,"HDL")/2 -> 3 | S58: Yes | T58: Yes | U58: Yes | AE58: L | AF58: L | AG58: L | AN58: H | AO58: H
B59: F11804 | C59: Shweta Dubey | G59: 46082 | H59: 46112 | I59: 100 | J59: =NETWORKDAYS(G59,H59)*I59% -> 22 | K59: =J59-COUNTIF(V59:AZ59,"L")-COUNTIF(V59:AZ59,"H")-COUNTIF(V59:AZ59,"HDL")/2-COUNTIF(V59:AZ59,"NB") -> 20 | M59: =SUM(K59:L59) -> 20 | O59: =K59-N59 -> 20 | P59: =J59-K59 -> 2 | Q59: =COUNTIF(W59:BF59,"L")+COUNTIF(W59:BF59,"HDL")/2 -> 0 | S59: Yes | T59: Yes | U59: No | AN59: H | AO59: H
B60: F13807 | C60: Shyam Sunder Thakur | G60: 46082 | H60: 46112 | I60: 100 | J60: =NETWORKDAYS(G60,H60)*I60% -> 22 | K60: =J60-COUNTIF(V60:AZ60,"L")-COUNTIF(V60:AZ60,"H")-COUNTIF(V60:AZ60,"HDL")/2-COUNTIF(V60:AZ60,"NB") -> 6 | M60: =SUM(K60:L60) -> 6 | O60: =K60-N60 -> 6 | P60: =J60-K60 -> 16 | Q60: =COUNTIF(W60:BF60,"L")+COUNTIF(W60:BF60,"HDL")/2 -> 14 | S60: Yes | T60: Yes | U60: Yes | W60: L | X60: L | Y60: L | Z60: L | AA60: L | AD60: L | AE60: L | AF60: L | AG60: L | AH60: L | AK60: L | AL60: L | AM60: L | AN60: H | AO60: H | AR60: L
B61: F09899 | C61: Sivani Madivada | G61: 46082 | H61: 46112 | I61: 100 | J61: =NETWORKDAYS(G61,H61)*I61% -> 22 | K61: =J61-COUNTIF(V61:AZ61,"L")-COUNTIF(V61:AZ61,"H")-COUNTIF(V61:AZ61,"HDL")/2-COUNTIF(V61:AZ61,"NB") -> 19 | M61: =SUM(K61:L61) -> 19 | O61: =K61-N61 -> 19 | P61: =J61-K61 -> 3 | Q61: =COUNTIF(W61:BF61,"L")+COUNTIF(W61:BF61,"HDL")/2 -> 1 | S61: Yes | T61: No | U61: No | AA61: L | AN61: H | AO61: H
B62: F16645 | C62: Soumen Das | G62: 46082 | H62: 46112 | I62: 100 | J62: =NETWORKDAYS(G62,H62)*I62% -> 22 | K62: =J62-COUNTIF(V62:AZ62,"L")-COUNTIF(V62:AZ62,"H")-COUNTIF(V62:AZ62,"HDL")/2-COUNTIF(V62:AZ62,"NB") -> 19 | M62: =SUM(K62:L62) -> 19 | O62: =K62-N62 -> 19 | P62: =J62-K62 -> 3 | Q62: =COUNTIF(W62:BF62,"L")+COUNTIF(W62:BF62,"HDL")/2 -> 1 | S62: Yes | T62: Yes | U62: Yes | AD62: L | AN62: H | AO62: H
B63: F14313 | C63: Sujith Kumar B | G63: 46082 | H63: 46112 | I63: 100 | J63: =NETWORKDAYS(G63,H63)*I63% -> 22 | K63: =J63-COUNTIF(V63:AZ63,"L")-COUNTIF(V63:AZ63,"H")-COUNTIF(V63:AZ63,"HDL")/2-COUNTIF(V63:AZ63,"NB") -> 18 | M63: =SUM(K63:L63) -> 18 | O63: =K63-N63 -> 18 | P63: =J63-K63 -> 4 | Q63: =COUNTIF(W63:BF63,"L")+COUNTIF(W63:BF63,"HDL")/2 -> 2 | S63: Yes | T63: Yes | U63: No | Z63: L | AN63: H | AO63: H | AT63: L
B64: F16597 | C64: Susatya Sinha | G64: 46082 | H64: 46112 | I64: 100 | J64: =NETWORKDAYS(G64,H64)*I64% -> 22 | K64: =J64-COUNTIF(V64:AZ64,"L")-COUNTIF(V64:AZ64,"H")-COUNTIF(V64:AZ64,"HDL")/2-COUNTIF(V64:AZ64,"NB") -> 16 | M64: =SUM(K64:L64) -> 16 | O64: =K64-N64 -> 16 | P64: =J64-K64 -> 6 | Q64: =COUNTIF(W64:BF64,"L")+COUNTIF(W64:BF64,"HDL")/2 -> 4 | S64: Yes | T64: No | U64: Yes | Z64: L | AM64: L | AN64: H | AO64: H | AR64: L | AV64: L
B65: F07286 | C65: Sushanth S | G65: 46082 | H65: 46112 | I65: 100 | J65: =NETWORKDAYS(G65,H65)*I65% -> 22 | K65: =J65-COUNTIF(V65:AZ65,"L")-COUNTIF(V65:AZ65,"H")-COUNTIF(V65:AZ65,"HDL")/2-COUNTIF(V65:AZ65,"NB") -> 19 | M65: =SUM(K65:L65) -> 19 | O65: =K65-N65 -> 19 | P65: =J65-K65 -> 3 | Q65: =COUNTIF(W65:BF65,"L")+COUNTIF(W65:BF65,"HDL")/2 -> 1 | S65: Yes | T65: Yes | U65: Yes | AM65: L | AN65: H | AO65: H
B66: F14854 | C66: Sushmitha Suresh | G66: 46082 | H66: 46112 | I66: 100 | J66: =NETWORKDAYS(G66,H66)*I66% -> 22 | K66: =J66-COUNTIF(V66:AZ66,"L")-COUNTIF(V66:AZ66,"H")-COUNTIF(V66:AZ66,"HDL")/2-COUNTIF(V66:AZ66,"NB") -> 20 | M66: =SUM(K66:L66) -> 20 | O66: =K66-N66 -> 20 | P66: =J66-K66 -> 2 | Q66: =COUNTIF(W66:BF66,"L")+COUNTIF(W66:BF66,"HDL")/2 -> 0 | S66: Yes | T66: No | U66: No | AN66: H | AO66: H
B67: F15206 | C67: Trisha Ranjan | G67: 46082 | H67: 46112 | I67: 100 | J67: =NETWORKDAYS(G67,H67)*I67% -> 22 | K67: =J67-COUNTIF(V67:AZ67,"L")-COUNTIF(V67:AZ67,"H")-COUNTIF(V67:AZ67,"HDL")/2-COUNTIF(V67:AZ67,"NB") -> 19 | M67: =SUM(K67:L67) -> 19 | O67: =K67-N67 -> 19 | P67: =J67-K67 -> 3 | Q67: =COUNTIF(W67:BF67,"L")+COUNTIF(W67:BF67,"HDL")/2 -> 1 | S67: Yes | T67: Yes | U67: Yes | AE67: L | AN67: H | AO67: H
B68: F11959 | C68: Utkarsh Chaudhary | G68: 46082 | H68: 46112 | I68: 100 | J68: =NETWORKDAYS(G68,H68)*I68% -> 22 | K68: =J68-COUNTIF(V68:AZ68,"L")-COUNTIF(V68:AZ68,"H")-COUNTIF(V68:AZ68,"HDL")/2-COUNTIF(V68:AZ68,"NB") -> 18 | M68: =SUM(K68:L68) -> 18 | O68: =K68-N68 -> 18 | P68: =J68-K68 -> 4 | Q68: =COUNTIF(W68:BF68,"L")+COUNTIF(W68:BF68,"HDL")/2 -> 2 | S68: Yes | T68: Yes | U68: Yes | AD68: L | AN68: H | AO68: H | AV68: L
B69: F13312 | C69: Utkarsh Sharma | G69: 46082 | H69: 46112 | I69: 100 | J69: =NETWORKDAYS(G69,H69)*I69% -> 22 | K69: =J69-COUNTIF(V69:AZ69,"L")-COUNTIF(V69:AZ69,"H")-COUNTIF(V69:AZ69,"HDL")/2-COUNTIF(V69:AZ69,"NB") -> 17 | M69: =SUM(K69:L69) -> 17 | O69: =K69-N69 -> 17 | P69: =J69-K69 -> 5 | Q69: =COUNTIF(W69:BF69,"L")+COUNTIF(W69:BF69,"HDL")/2 -> 3 | S69: Yes | T69: Yes | U69: Yes | AM69: L | AN69: H | AO69: H | AU69: L | AV69: L
B70: F15410 | C70: Vaishnavee Awadhesh Gupta | G70: 46082 | H70: 46112 | I70: 100 | J70: =NETWORKDAYS(G70,H70)*I70% -> 22 | K70: =J70-COUNTIF(V70:AZ70,"L")-COUNTIF(V70:AZ70,"H")-COUNTIF(V70:AZ70,"HDL")/2-COUNTIF(V70:AZ70,"NB") -> 17 | M70: =SUM(K70:L70) -> 17 | O70: =K70-N70 -> 17 | P70: =J70-K70 -> 5 | Q70: =COUNTIF(W70:BF70,"L")+COUNTIF(W70:BF70,"HDL")/2 -> 3 | S70: Yes | T70: Yes | U70: Yes | Y70: L | AA70: L | AM70: L | AN70: H | AO70: H
B71: F12344 | C71: Vikash Kumar | G71: 46090 | H71: 46112 | I71: 100 | J71: =NETWORKDAYS(G71,H71)*I71% -> 17 | K71: =J71-COUNTIF(V71:AZ71,"L")-COUNTIF(V71:AZ71,"H")-COUNTIF(V71:AZ71,"HDL")/2-COUNTIF(V71:AZ71,"NB") -> 13 | M71: =SUM(K71:L71) -> 13 | O71: =K71-N71 -> 13 | P71: =J71-K71 -> 4 | Q71: =COUNTIF(W71:BF71,"L")+COUNTIF(W71:BF71,"HDL")/2 -> 2 | S71: Yes | T71: Yes | U71: Yes | AN71: H | AO71: H | AT71: L | AU71: L
B72: F16600 | C72: Vaishnavi Prasad | G72: 46082 | H72: 46112 | I72: 100 | J72: =NETWORKDAYS(G72,H72)*I72% -> 22 | K72: =J72-COUNTIF(V72:AZ72,"L")-COUNTIF(V72:AZ72,"H")-COUNTIF(V72:AZ72,"HDL")/2-COUNTIF(V72:AZ72,"NB") -> 20 | M72: =SUM(K72:L72) -> 20 | O72: =K72-N72 -> 20 | P72: =J72-K72 -> 2 | Q72: =COUNTIF(W72:BF72,"L")+COUNTIF(W72:BF72,"HDL")/2 -> 0 | S72: Yes | T72: Yes | U72: Yes | AN72: H | AO72: H
B73: F14490 | C73: Vanshika Jain | G73: 46082 | H73: 46112 | I73: 100 | J73: =NETWORKDAYS(G73,H73)*I73% -> 22 | K73: =J73-COUNTIF(V73:AZ73,"L")-COUNTIF(V73:AZ73,"H")-COUNTIF(V73:AZ73,"HDL")/2-COUNTIF(V73:AZ73,"NB") -> 16 | M73: =SUM(K73:L73) -> 16 | O73: =K73-N73 -> 16 | P73: =J73-K73 -> 6 | Q73: =COUNTIF(W73:BF73,"L")+COUNTIF(W73:BF73,"HDL")/2 -> 3 | S73: Yes | T73: No | U73: Yes | W73: NB | Y73: L | AN73: H | AO73: H | AY73: L | AZ73: L
B74: F16925 | C74: Vinodhkumar Santhakumar | G74: 46082 | H74: 46112 | I74: 100 | J74: =NETWORKDAYS(G74,H74)*I74% -> 22 | K74: =J74-COUNTIF(V74:AZ74,"L")-COUNTIF(V74:AZ74,"H")-COUNTIF(V74:AZ74,"HDL")/2-COUNTIF(V74:AZ74,"NB") -> 18 | M74: =SUM(K74:L74) -> 18 | O74: =K74-N74 -> 18 | P74: =J74-K74 -> 4 | Q74: =COUNTIF(W74:BF74,"L")+COUNTIF(W74:BF74,"HDL")/2 -> 2 | S74: Yes | T74: Yes | U74: Yes | W74: L | X74: L | AN74: H | AO74: H
B75: F11776 | C75: Neha Agrawal | G75: 46082 | H75: 46112 | I75: 100 | J75: =NETWORKDAYS(G75,H75)*I75% -> 22 | K75: =J75-COUNTIF(V75:AZ75,"L")-COUNTIF(V75:AZ75,"H")-COUNTIF(V75:AZ75,"HDL")/2-COUNTIF(V75:AZ75,"NB") -> 20 | M75: =SUM(K75:L75) -> 20 | O75: =K75-N75 -> 20 | P75: =J75-K75 -> 2 | Q75: =COUNTIF(W75:BF75,"L")+COUNTIF(W75:BF75,"HDL")/2 -> 0 | S75: Yes | T75: Yes | U75: Yes | AN75: H | AO75: H
B76: F12652 | C76: Seshadri Mohana Lakshmi Sahithi | G76: 46082 | H76: 46112 | I76: 100 | J76: =NETWORKDAYS(G76,H76)*I76% -> 22 | K76: =J76-COUNTIF(V76:AZ76,"L")-COUNTIF(V76:AZ76,"H")-COUNTIF(V76:AZ76,"HDL")/2-COUNTIF(V76:AZ76,"NB") -> 19 | M76: =SUM(K76:L76) -> 19 | O76: =K76-N76 -> 19 | P76: =J76-K76 -> 3 | Q76: =COUNTIF(W76:BF76,"L")+COUNTIF(W76:BF76,"HDL")/2 -> 1 | S76: Yes | T76: Yes | U76: Yes | AM76: L | AN76: H | AO76: H
B77: F14503 | C77: Shivangi Khanna | G77: 46082 | H77: 46112 | I77: 100 | J77: =NETWORKDAYS(G77,H77)*I77% -> 22 | K77: =J77-COUNTIF(V77:AZ77,"L")-COUNTIF(V77:AZ77,"H")-COUNTIF(V77:AZ77,"HDL")/2-COUNTIF(V77:AZ77,"NB") -> 18 | M77: =SUM(K77:L77) -> 18 | O77: =K77-N77 -> 18 | P77: =J77-K77 -> 4 | Q77: =COUNTIF(W77:BF77,"L")+COUNTIF(W77:BF77,"HDL")/2 -> 2 | S77: Yes | T77: No | U77: Yes | Y77: L | Z77: L | AN77: H | AO77: H
B78: F15226 | C78: Jaiyanth RB | G78: 46082 | H78: 46112 | I78: 100 | J78: =NETWORKDAYS(G78,H78)*I78% -> 22 | K78: =J78-COUNTIF(V78:AZ78,"L")-COUNTIF(V78:AZ78,"H")-COUNTIF(V78:AZ78,"HDL")/2-COUNTIF(V78:AZ78,"NB") -> 19 | M78: =SUM(K78:L78) -> 19 | O78: =K78-N78 -> 19 | P78: =J78-K78 -> 3 | Q78: =COUNTIF(W78:BF78,"L")+COUNTIF(W78:BF78,"HDL")/2 -> 1 | S78: Yes | T78: No | U78: No | AN78: H | AO78: H | AR78: L
B79: F16221 | C79: Dijal Tom | G79: 46082 | H79: 46112 | I79: 100 | J79: =NETWORKDAYS(G79,H79)*I79% -> 22 | K79: =J79-COUNTIF(V79:AZ79,"L")-COUNTIF(V79:AZ79,"H")-COUNTIF(V79:AZ79,"HDL")/2-COUNTIF(V79:AZ79,"NB") -> 20 | M79: =SUM(K79:L79) -> 20 | O79: =K79-N79 -> 20 | P79: =J79-K79 -> 2 | Q79: =COUNTIF(W79:BF79,"L")+COUNTIF(W79:BF79,"HDL")/2 -> 0 | S79: Yes | T79: No | U79: No | AN79: H | AO79: H
B80: F17891 | C80: Hithesh G R | G80: 46082 | H80: 46112 | I80: 100 | J80: =NETWORKDAYS(G80,H80)*I80% -> 22 | K80: =J80-COUNTIF(V80:AZ80,"L")-COUNTIF(V80:AZ80,"H")-COUNTIF(V80:AZ80,"HDL")/2-COUNTIF(V80:AZ80,"NB") -> 20 | M80: =SUM(K80:L80) -> 20 | O80: =K80-N80 -> 20 | P80: =J80-K80 -> 2 | Q80: =COUNTIF(W80:BF80,"L")+COUNTIF(W80:BF80,"HDL")/2 -> 0 | S80: Yes | T80: No | U80: No | AN80: H | AO80: H
B81: F17922 | C81: Sunny . | G81: 46082 | H81: 46112 | I81: 100 | J81: =NETWORKDAYS(G81,H81)*I81% -> 22 | K81: =J81-COUNTIF(V81:AZ81,"L")-COUNTIF(V81:AZ81,"H")-COUNTIF(V81:AZ81,"HDL")/2-COUNTIF(V81:AZ81,"NB") -> 20 | M81: =SUM(K81:L81) -> 20 | O81: =K81-N81 -> 20 | P81: =J81-K81 -> 2 | Q81: =COUNTIF(W81:BF81,"L")+COUNTIF(W81:BF81,"HDL")/2 -> 0 | S81: Yes | T81: Yes | U81: Yes | AN81: H | AO81: H
B82: F14764 | C82: Sourav Das | G82: 46082 | H82: 46112 | I82: 100 | J82: =NETWORKDAYS(G82,H82)*I82% -> 22 | K82: =J82-COUNTIF(V82:AZ82,"L")-COUNTIF(V82:AZ82,"H")-COUNTIF(V82:AZ82,"HDL")/2-COUNTIF(V82:AZ82,"NB") -> 17 | M82: =SUM(K82:L82) -> 17 | O82: =K82-N82 -> 17 | P82: =J82-K82 -> 5 | Q82: 3 | S82: Yes | T82: Yes | U82: Yes | AN82: H | AO82: H | AV82: L | AY82: L | AZ82: L
B83: F16824 | C83: Abhishek Kamboj | G83: 46082 | H83: 46112 | I83: 100 | J83: =NETWORKDAYS(G83,H83)*I83% -> 22 | K83: =J83-COUNTIF(V83:AZ83,"L")-COUNTIF(V83:AZ83,"H")-COUNTIF(V83:AZ83,"HDL")/2-COUNTIF(V83:AZ83,"NB") -> 20 | M83: =SUM(K83:L83) -> 20 | O83: =K83-N83 -> 20 | P83: =J83-K83 -> 2 | Q83: =COUNTIF(W83:BF83,"L")+COUNTIF(W83:BF83,"HDL")/2 -> 0 | S83: Yes | T83: yes | U83: Yes | AN83: H | AO83: H
B84: F15089 | C84: Amal K | G84: 46082 | H84: 46112 | I84: 100 | J84: =NETWORKDAYS(G84,H84)*I84% -> 22 | K84: =J84-COUNTIF(V84:AZ84,"L")-COUNTIF(V84:AZ84,"H")-COUNTIF(V84:AZ84,"HDL")/2-COUNTIF(V84:AZ84,"NB") -> 18 | M84: =SUM(K84:L84) -> 18 | O84: =K84-N84 -> 18 | P84: =J84-K84 -> 4 | Q84: =COUNTIF(W84:BF84,"L")+COUNTIF(W84:BF84,"HDL")/2 -> 2 | S84: Yes | T84: Yes | U84: No | Z84: L | AN84: H | AO84: H | AR84: L
J85: =SUM(J5:J81) -> 1689 | K85: =SUM(K5:K83) -> 1428.5 | L85: =SUM(L5:L81) -> 0 | M85: =SUM(M5:M81) -> 1391.5 | N85: =SUM(N5:N81) -> 0 | O85: =SUM(O5:O81) -> 1391.5 | P85: =SUM(P5:P83) -> 304.5 | Q85: =SUM(Q5:Q84) -> 147.5
Q86: =Q85/M85 -> 0.10600072

Sheet Apr'26
E1: To be filled by Ops PMOs only | R1: ---To be filled by Employees---
B2: 1=Working Day | G2: <------------------------------------------------------------Not to edited or changed by indiviudals---------------------------------------------------------> | R2: Reason for Non-Billing/Comments | S2: Emp to mark 'Yes' when updated this tracker | T2: Emp to mark 'Yes' when updated the Client timesheet as per this sheet | U2: Emp to mark 'Yes' when updated the Workday as per this sheet | V2: =TEXT(V3,"DDD") -> Wed | W2: =TEXT(W3,"DDD") -> Thu | X2: =TEXT(X3,"DDD") -> Fri | Y2: =TEXT(Y3,"DDD") -> Sat | Z2: =TEXT(Z3,"DDD") -> Sun | AA2: =TEXT(AA3,"DDD") -> Mon | AB2: =TEXT(AB3,"DDD") -> Tue | AC2: =TEXT(AC3,"DDD") -> Wed | ... AY2: =TEXT(AY3,"DDD") -> Thu
B3: Emp Id | C3: Emp Name | D3: Emp Client ID | E3: Fractal Email ID | F3: Client email ID | G3: Allocation Start Date | H3: Allocation End Date | I3: Alloc % | J3: Allocated Days | K3: Billed Days for current month | L3: Adj for past month | M3: Revenue cnf days | N3: Timesheet days | O3: Diff | P3: Unbilled Days | Q3: Total Leave Days | V3: 46113 | W3: =V3+1 -> 46114 | X3: =W3+1 -> 46115 | Y3: =X3+1 -> 46116 | Z3: =Y3+1 -> 46117 | AA3: =Z3+1 -> 46118 | AB3: =AA3+1 -> 46119 | AC3: =AB3+1 -> 46120 | AD3: =AC3+1 -> 46121 | ... AY3: =AX3+1 -> 46142
B4: 1 | C4: =D4+1 -> 3 | D4: =B4+1 -> 2 | E4: =C4+1 -> 4 | F4: =E4+1 -> 5 | G4: =F4+1 -> 6 | H4: =G4+1 -> 7 | I4: =H4+1 -> 8 | J4: =I4+1 -> 9 | K4: =J4+1 -> 10 | L4: =K4+1 -> 11 | M4: =L4+1 -> 12 | ... P4: =O4+1 -> 15 | R4: =P4+1 -> 16 | S4: =R4+1 -> 17 | T4: =S4+1 -> 18 | U4: =T4+1 -> 19 | V4: =U4+1 -> 20 | W4: =V4+1 -> 21 | X4: =W4+1 -> 22 | Y4: =X4+1 -> 23 | Z4: =Y4+1 -> 24 | ... AY4: =AX4+1 -> 49
B5: F10572 | C5: Aakash Arora | E5: =_xlfn.XLOOKUP(B5,'[1]Employee Details Report'!$A:$A,'[1]Employee Details Report'!$C:$C,0,0,1) -> aakash.arora@fractal.ai | G5: 46113 | H5: 46142 | I5: 100 | J5: =NETWORKDAYS(G5,H5)*I5% -> 22 | K5: =J5-COUNTIF(V5:AY5,"L")-COUNTIF(V5:AY5,"H")-COUNTIF(V5:AY5,"HDL")/2-COUNTIF(V5:AY5,"NB") -> 22 | M5: =SUM(K5:L5) -> 22 | O5: =K5-N5 -> 22 | P5: =J5-K5 -> 0 | Q5: =COUNTIF(V5:BE5,"L")+COUNTIF(V5:BE5,"HDL")/2 -> 0 | S5: Yes | T5: Yes | U5: Yes
B6: F12020 | C6: Aashish Kaushik | E6: =_xlfn.XLOOKUP(B6,'[1]Employee Details Report'!$A:$A,'[1]Employee Details Report'!$C:$C,0,0,1) -> aashish.kaushik@fractal.ai | G6: 46113 | H6: 46142 | I6: 100 | J6: =NETWORKDAYS(G6,H6)*I6% -> 22 | K6: =J6-COUNTIF(V6:AY6,"L")-COUNTIF(V6:AY6,"H")-COUNTIF(V6:AY6,"HDL")/2-COUNTIF(V6:AY6,"NB") -> 20 | M6: =SUM(K6:L6) -> 20 | O6: =K6-N6 -> 20 | P6: =J6-K6 -> 2 | Q6: =COUNTIF(V6:BE6,"L")+COUNTIF(V6:BE6,"HDL")/2 -> 2 | S6: Yes | T6: No | U6: Yes | AI6: L | AJ6: L
B7: F16244 | C7: Abhishek Kumar | E7: =_xlfn.XLOOKUP(B7,'[1]Employee Details Report'!$A:$A,'[1]Employee Details Report'!$C:$C,0,0,1) -> abhishek.kumar7@fractal.ai | G7: 46113 | H7: 46142 | I7: 100 | J7: =NETWORKDAYS(G7,H7)*I7% -> 22 | K7: =J7-COUNTIF(V7:AY7,"L")-COUNTIF(V7:AY7,"H")-COUNTIF(V7:AY7,"HDL")/2-COUNTIF(V7:AY7,"NB") -> 18 | M7: =SUM(K7:L7) -> 18 | O7: =K7-N7 -> 18 | P7: 4 | Q7: 4 | S7: Yes | T7: No | U7: Yes | V7: L | W7: L | X7: L | AV7: L
B8: F17557 | C8: Adithya Udupa | E8: =_xlfn.XLOOKUP(B8,'[1]Employee Details Report'!$A:$A,'[1]Employee Details Report'!$C:$C,0,0,1) -> adithya.udupa@fractal.ai | G8: 46113 | H8: 46142 | I8: 100 | J8: =NETWORKDAYS(G8,H8)*I8% -> 22 | K8: =J8-COUNTIF(V8:AY8,"L")-COUNTIF(V8:AY8,"H")-COUNTIF(V8:AY8,"HDL")/2-COUNTIF(V8:AY8,"NB") -> 19 | M8: =SUM(K8:L8) -> 19 | O8: =K8-N8 -> 19 | P8: =J8-K8 -> 3 | Q8: =COUNTIF(V8:BE8,"L")+COUNTIF(V8:BE8,"HDL")/2 -> 3 | S8: yes | T8: No | U8: No | AQ8: L | AR8: L | AS8: L
B9: F13935 | C9: Akash Badarinath | E9: =_xlfn.XLOOKUP(B9,'[1]Employee Details Report'!$A:$A,'[1]Employee Details Report'!$C:$C,0,0,1) -> akash.badarinath@fractal.ai | G9: 46113 | H9: 46142 | I9: 100 | J9: =NETWORKDAYS(G9,H9)*I9% -> 22 | K9: =J9-COUNTIF(V9:AY9,"L")-COUNTIF(V9:AY9,"H")-COUNTIF(V9:AY9,"HDL")/2-COUNTIF(V9:AY9,"NB") -> 22 | M9: =SUM(K9:L9) -> 22 | O9: =K9-N9 -> 22 | P9: =J9-K9 -> 0 | Q9: =COUNTIF(V9:BE9,"L")+COUNTIF(V9:BE9,"HDL")/2 -> 0 | S9: Yes | T9: Yes | U9: Yes
B10: F15418 | C10: Ankit . | E10: =_xlfn.XLOOKUP(B10,'[1]Employee Details Report'!$A:$A,'[1]Employee Details Report'!$C:$C,0,0,1) -> ankit.1@fractal.ai | G10: 46113 | H10: 46142 | I10: 100 | J10: =NETWORKDAYS(G10,H10)*I10% -> 22 | K10: =J10-COUNTIF(V10:AY10,"L")-COUNTIF(V10:AY10,"H")-COUNTIF(V10:AY10,"HDL")/2-COUNTIF(V10:AY10,"NB") -> 20 | M10: =SUM(K10:L10) -> 20 | O10: =K10-N10 -> 20 | P10: =J10-K10 -> 2 | Q10: =COUNTIF(V10:BE10,"L")+COUNTIF(V10:BE10,"HDL")/2 -> 2 | S10: Yes | T10: Yes | U10: Yes | AW10: L | AX10: L
B11: F15194 | C11: Ankit Khandelwal | E11: =_xlfn.XLOOKUP(B11,'[1]Employee Details Report'!$A:$A,'[1]Employee Details Report'!$C:$C,0,0,1) -> ankit.khandelwal@fractal.ai | G11: 46113 | H11: 46142 | I11: 100 | J11: =NETWORKDAYS(G11,H11)*I11% -> 22 | K11: =J11-COUNTIF(V11:AY11,"L")-COUNTIF(V11:AY11,"H")-COUNTIF(V11:AY11,"HDL")/2-COUNTIF(V11:AY11,"NB") -> 20 | M11: =SUM(K11:L11) -> 20 | O11: =K11-N11 -> 20 | P11: =J11-K11 -> 2 | Q11: =COUNTIF(V11:BE11,"L")+COUNTIF(V11:BE11,"HDL")/2 -> 2 | S11: Yes | T11: Yes | U11: Yes | X11: L | AY11: L
B12: F16266 | C12: Anupam Kumar Tiwari | E12: =_xlfn.XLOOKUP(B12,'[1]Employee Details Report'!$A:$A,'[1]Employee Details Report'!$C:$C,0,0,1) -> anupam.tiwari@fractal.ai | G12: 46113 | H12: 46142 | I12: 100 | J12: =NETWORKDAYS(G12,H12)*I12% -> 22 | K12: =J12-COUNTIF(V12:AY12,"L")-COUNTIF(V12:AY12,"H")-COUNTIF(V12:AY12,"HDL")/2-COUNTIF(V12:AY12,"NB") -> 22 | M12: =SUM(K12:L12) -> 22 | O12: =K12-N12 -> 22 | P12: =J12-K12 -> 0 | Q12: =COUNTIF(V12:BE12,"L")+COUNTIF(V12:BE12,"HDL")/2 -> 0 | S12: Yes | T12: Yes | U12: Yes
B13: F17311 | C13: Arbaz Ur Rehman Khan | E13: =_xlfn.XLOOKUP(B13,'[1]Employee Details Report'!$A:$A,'[1]Employee Details Report'!$C:$C,0,0,1) -> arbazur.khan@fractal.ai | G13: 46113 | H13: 46142 | I13: 100 | J13: =NETWORKDAYS(G13,H13)*I13% -> 22 | K13: =J13-COUNTIF(V13:AY13,"L")-COUNTIF(V13:AY13,"H")-COUNTIF(V13:AY13,"HDL")/2-COUNTIF(V13:AY13,"NB") -> 22 | M13: =SUM(K13:L13) -> 22 | O13: =K13-N13 -> 22 | P13: =J13-K13 -> 0 | Q13: =COUNTIF(V13:BE13,"L")+COUNTIF(V13:BE13,"HDL")/2 -> 0 | S13: Yes | T13: No | U13: Yes
B14: F15984 | C14: Arindom Goswami | E14: =_xlfn.XLOOKUP(B14,'[1]Employee Details Report'!$A:$A,'[1]Employee Details Report'!$C:$C,0,0,1) -> arindom.goswami@fractal.ai | G14: 46113 | H14: 46142 | I14: 100 | J14: =NETWORKDAYS(G14,H14)*I14% -> 22 | K14: =J14-COUNTIF(V14:AY14,"L")-COUNTIF(V14:AY14,"H")-COUNTIF(V14:AY14,"HDL")/2-COUNTIF(V14:AY14,"NB") -> 18 | M14: =SUM(K14:L14) -> 18 | O14: =K14-N14 -> 18 | P14: =J14-K14 -> 4 | Q14: =COUNTIF(V14:BE14,"L")+COUNTIF(V14:BE14,"HDL")/2 -> 4 | S14: Yes | T14: Yes | U14: Yes | AI14: L | AJ14: L | AX14: L | AY14: L
B15: F07920 | C15: Arjit Sharma | E15: =_xlfn.XLOOKUP(B15,'[1]Employee Details Report'!$A:$A,'[1]Employee Details Report'!$C:$C,0,0,1) -> arjit.sharma@fractal.ai | G15: 46113 | H15: 46142 | I15: 100 | J15: =NETWORKDAYS(G15,H15)*I15% -> 22 | K15: =J15-COUNTIF(V15:AY15,"L")-COUNTIF(V15:AY15,"H")-COUNTIF(V15:AY15,"HDL")/2-COUNTIF(V15:AY15,"NB") -> 20 | M15: =SUM(K15:L15) -> 20 | O15: =K15-N15 -> 20 | P15: =J15-K15 -> 2 | Q15: =COUNTIF(V15:BE15,"L")+COUNTIF(V15:BE15,"HDL")/2 -> 2 | S15: Yes | T15: Yes | U15: Yes | AA15: L | AB15: L
B16: F08462 | C16: Ashokkumar Subramani | E16: =_xlfn.XLOOKUP(B16,'[1]Employee Details Report'!$A:$A,'[1]Employee Details Report'!$C:$C,0,0,1) -> ashokkumar.subramani@fractal.ai | G16: 46113 | H16: 46142 | I16: 100 | J16: =NETWORKDAYS(G16,H16)*I16% -> 22 | K16: =J16-COUNTIF(V16:AY16,"L")-COUNTIF(V16:AY16,"H")-COUNTIF(V16:AY16,"HDL")/2-COUNTIF(V16:AY16,"NB") -> 22 | M16: =SUM(K16:L16) -> 22 | O16: =K16-N16 -> 22 | P16: =J16-K16 -> 0 | Q16: =COUNTIF(V16:BE16,"L")+COUNTIF(V16:BE16,"HDL")/2 -> 0 | S16: Yes | T16: Yes | U16: Yes
B17: F07471 | C17: Avinash . | E17: =_xlfn.XLOOKUP(B17,'[1]Employee Details Report'!$A:$A,'[1]Employee Details Report'!$C:$C,0,0,1) -> avinash.1@fractal.ai | G17: 46113 | H17: 46142 | I17: 100 | J17: =NETWORKDAYS(G17,H17)*I17% -> 22 | K17: =J17-COUNTIF(V17:AY17,"L")-COUNTIF(V17:AY17,"H")-COUNTIF(V17:AY17,"HDL")/2-COUNTIF(V17:AY17,"NB") -> 21 | M17: =SUM(K17:L17) -> 21 | O17: =K17-N17 -> 21 | P17: =J17-K17 -> 1 | Q17: =COUNTIF(V17:BE17,"L")+COUNTIF(V17:BE17,"HDL")/2 -> 1 | S17: Yes | T17: Yes | U17: Yes | W17: L
B18: F17726 | C18: Bhanu Priya | E18: =_xlfn.XLOOKUP(B18,'[1]Employee Details Report'!$A:$A,'[1]Employee Details Report'!$C:$C,0,0,1) -> bhanu.priya2@fractal.ai | G18: 46113 | H18: 46142 | I18: 100 | J18: =NETWORKDAYS(G18,H18)*I18% -> 22 | K18: =J18-COUNTIF(V18:AY18,"L")-COUNTIF(V18:AY18,"H")-COUNTIF(V18:AY18,"HDL")/2-COUNTIF(V18:AY18,"NB") -> 22 | M18: =SUM(K18:L18) -> 22 | O18: =K18-N18 -> 22 | P18: =J18-K18 -> 0 | Q18: =COUNTIF(V18:BE18,"L")+COUNTIF(V18:BE18,"HDL")/2 -> 0 | S18: Yes | T18: No | U18: No
B19: F05022 | C19: Chaitanya Deepak | E19: =_xlfn.XLOOKUP(B19,'[1]Employee Details Report'!$A:$A,'[1]Employee Details Report'!$C:$C,0,0,1) -> chaitanya.deepak@fractal.ai | G19: 46113 | H19: 46142 | I19: 100 | J19: =NETWORKDAYS(G19,H19)*I19% -> 22 | K19: =J19-COUNTIF(V19:AY19,"L")-COUNTIF(V19:AY19,"H")-COUNTIF(V19:AY19,"HDL")/2-COUNTIF(V19:AY19,"NB") -> 21 | M19: =SUM(K19:L19) -> 21 | O19: =K19-N19 -> 21 | P19: =J19-K19 -> 1 | Q19: =COUNTIF(V19:BE19,"L")+COUNTIF(V19:BE19,"HDL")/2 -> 1 | S19: Yes | T19: Yes | U19: Yes | AC19: L
B20: F14094 | C20: Gokul Vasanth Susindran | E20: =_xlfn.XLOOKUP(B20,'[1]Employee Details Report'!$A:$A,'[1]Employee Details Report'!$C:$C,0,0,1) -> gokul.susindran@fractal.ai | G20: 46113 | H20: 46142 | I20: 100 | J20: =NETWORKDAYS(G20,H20)*I20% -> 22 | K20: =J20-COUNTIF(V20:AY20,"L")-COUNTIF(V20:AY20,"H")-COUNTIF(V20:AY20,"HDL")/2-COUNTIF(V20:AY20,"NB") -> 19 | M20: =SUM(K20:L20) -> 19 | O20: =K20-N20 -> 19 | P20: =J20-K20 -> 3 | Q20: =COUNTIF(V20:BE20,"L")+COUNTIF(V20:BE20,"HDL")/2 -> 3 | S20: Yes | T20: Yes | U20: Yes | AJ20: L | AK20: L | AL20: L
B21: F09402 | C21: Gowtham G | E21: =_xlfn.XLOOKUP(B21,'[1]Employee Details Report'!$A:$A,'[1]Employee Details Report'!$C:$C,0,0,1) -> gowtham.g@fractal.ai | G21: 46113 | H21: 46142 | I21: 100 | J21: =NETWORKDAYS(G21,H21)*I21% -> 22 | K21: =J21-COUNTIF(V21:AY21,"L")-COUNTIF(V21:AY21,"H")-COUNTIF(V21:AY21,"HDL")/2-COUNTIF(V21:AY21,"NB") -> 17 | M21: =SUM(K21:L21) -> 17 | O21: =K21-N21 -> 17 | P21: =J21-K21 -> 5 | Q21: =COUNTIF(V21:BE21,"L")+COUNTIF(V21:BE21,"HDL")/2 -> 5 | S21: yes | T21: No | U21: No | AO21: L | AP21: L | AQ21: L | AR21: L | AS21: L
B22: F08055 | C22: K Deepak | E22: =_xlfn.XLOOKUP(B22,'[1]Employee Details Report'!$A:$A,'[1]Employee Details Report'!$C:$C,0,0,1) -> k.deepak@fractal.ai | G22: 46113 | H22: 46142 | I22: 100 | J22: =NETWORKDAYS(G22,H22)*I22% -> 22 | K22: =J22-COUNTIF(V22:AY22,"L")-COUNTIF(V22:AY22,"H")-COUNTIF(V22:AY22,"HDL")/2-COUNTIF(V22:AY22,"NB") -> 19 | M22: =SUM(K22:L22) -> 19 | O22: =K22-N22 -> 19 | P22: =J22-K22 -> 3 | Q22: =COUNTIF(V22:BE22,"L")+COUNTIF(V22:BE22,"HDL")/2 -> 3 | S22: Yes | T22: Yes | U22: Yes | AB22: L | AC22: L | AD22: L
B23: F13133 | C23: Kartikey Rai | E23: =_xlfn.XLOOKUP(B23,'[1]Employee Details Report'!$A:$A,'[1]Employee Details Report'!$C:$C,0,0,1) -> kartikey.rai@fractal.ai | G23: 46113 | H23: 46142 | I23: 100 | J23: =NETWORKDAYS(G23,H23)*I23% -> 22 | K23: =J23-COUNTIF(V23:AY23,"L")-COUNTIF(V23:AY23,"H")-COUNTIF(V23:AY23,"HDL")/2-COUNTIF(V23:AY23,"NB") -> 20 | M23: =SUM(K23:L23) -> 20 | O23: =K23-N23 -> 20 | P23: =J23-K23 -> 2 | Q23: =COUNTIF(V23:BE23,"L")+COUNTIF(V23:BE23,"HDL")/2 -> 2 | S23: Yes | T23: No | U23: No | AA23: L | AC23: L
B24: F15951 | C24: Kesani Srichandana | E24: =_xlfn.XLOOKUP(B24,'[1]Employee Details Report'!$A:$A,'[1]Employee Details Report'!$C:$C,0,0,1) -> kesani.srichandana@fractal.ai | G24: 46113 | H24: 46142 | I24: 100 | J24: =NETWORKDAYS(G24,H24)*I24% -> 22 | K24: =J24-COUNTIF(V24:AY24,"L")-COUNTIF(V24:AY24,"H")-COUNTIF(V24:AY24,"HDL")/2-COUNTIF(V24:AY24,"NB") -> 20 | M24: =SUM(K24:L24) -> 20 | O24: =K24-N24 -> 20 | P24: =J24-K24 -> 2 | Q24: =COUNTIF(V24:BE24,"L")+COUNTIF(V24:BE24,"HDL")/2 -> 2 | S24: Yes | T24: No | U24: Yes | AH24: L | AI24: L
B25: F16291 | C25: Khasim Pannegatla | E25: =_xlfn.XLOOKUP(B25,'[1]Employee Details Report'!$A:$A,'[1]Employee Details Report'!$C:$C,0,0,1) -> khasim.pannegatla@fractal.ai | G25: 46113 | H25: 46142 | I25: 100 | J25: =NETWORKDAYS(G25,H25)*I25% -> 22 | K25: =J25-COUNTIF(V25:AY25,"L")-COUNTIF(V25:AY25,"H")-COUNTIF(V25:AY25,"HDL")/2-COUNTIF(V25:AY25,"NB") -> 21 | M25: =SUM(K25:L25) -> 21 | O25: =K25-N25 -> 21 | P25: =J25-K25 -> 1 | Q25: =COUNTIF(V25:BE25,"L")+COUNTIF(V25:BE25,"HDL")/2 -> 1 | S25: Yes | T25: Yes | U25: Yes | AP25: L
B26: F16247 | C26: Kiran Mai P | E26: =_xlfn.XLOOKUP(B26,'[1]Employee Details Report'!$A:$A,'[1]Employee Details Report'!$C:$C,0,0,1) -> kiran.p@fractal.ai | G26: 46113 | H26: 46142 | I26: 100 | J26: =NETWORKDAYS(G26,H26)*I26% -> 22 | K26: =J26-COUNTIF(V26:AY26,"L")-COUNTIF(V26:AY26,"H")-COUNTIF(V26:AY26,"HDL")/2-COUNTIF(V26:AY26,"NB") -> 20 | M26: =SUM(K26:L26) -> 20 | O26: =K26-N26 -> 20 | P26: =J26-K26 -> 2 | Q26: =COUNTIF(V26:BE26,"L")+COUNTIF(V26:BE26,"HDL")/2 -> 2 | S26: yes | T26: yes | U26: yes | AH26: L | AI26: L
B27: F12415 | C27: Kunal Kumar | E27: =_xlfn.XLOOKUP(B27,'[1]Employee Details Report'!$A:$A,'[1]Employee Details Report'!$C:$C,0,0,1) -> kunal.kumar@fractal.ai | G27: 46113 | H27: 46142 | I27: 100 | J27: =NETWORKDAYS(G27,H27)*I27% -> 22 | K27: =J27-COUNTIF(V27:AY27,"L")-COUNTIF(V27:AY27,"H")-COUNTIF(V27:AY27,"HDL")/2-COUNTIF(V27:AY27,"NB") -> 20 | M27: =SUM(K27:L27) -> 20 | O27: =K27-N27 -> 20 | P27: =J27-K27 -> 2 | Q27: =COUNTIF(V27:BE27,"L")+COUNTIF(V27:BE27,"HDL")/2 -> 2 | S27: yes | T27: yes | U27: yes | AH27: L | AI27: L
B28: F12766 | C28: Madhavi Latha Kotturu | E28: =_xlfn.XLOOKUP(B28,'[1]Employee Details Report'!$A:$A,'[1]Employee Details Report'!$C:$C,0,0,1) -> madhavilatha.kotturu@fractal.ai | G28: 46113 | H28: 46142 | I28: 100 | J28: =NETWORKDAYS(G28,H28)*I28% -> 22 | K28: =J28-COUNTIF(V28:AY28,"L")-COUNTIF(V28:AY28,"H")-COUNTIF(V28:AY28,"HDL")/2-COUNTIF(V28:AY28,"NB") -> 21 | M28: =SUM(K28:L28) -> 21 | O28: =K28-N28 -> 21 | P28: =J28-K28 -> 1 | Q28: =COUNTIF(V28:BE28,"L")+COUNTIF(V28:BE28,"HDL")/2 -> 1 | S28: Yes | T28: Yes | U28: Yes | AW28: L
B29: F06490 | C29: Mahamad Asif | E29: =_xlfn.XLOOKUP(B29,'[1]Employee Details Report'!$A:$A,'[1]Employee Details Report'!$C:$C,0,0,1) -> mahamad.asif@fractal.ai | G29: 46113 | H29: 46142 | I29: 100 | J29: =NETWORKDAYS(G29,H29)*I29% -> 22 | K29: =J29-COUNTIF(V29:AY29,"L")-COUNTIF(V29:AY29,"H")-COUNTIF(V29:AY29,"HDL")/2-COUNTIF(V29:AY29,"NB") -> 19 | M29: =SUM(K29:L29) -> 19 | O29: =K29-N29 -> 19 | P29: =J29-K29 -> 3 | Q29: =COUNTIF(V29:BE29,"L")+COUNTIF(V29:BE29,"HDL")/2 -> 3 | S29: yes | T29: Yes | U29: yes | AA29: L | AB29: L | AV29: L
B30: F14195 | C30: Manish Khare | E30: =_xlfn.XLOOKUP(B30,'[1]Employee Details Report'!$A:$A,'[1]Employee Details Report'!$C:$C,0,0,1) -> manish.khare@fractal.ai | G30: 46113 | H30: 46142 | I30: 100 | J30: =NETWORKDAYS(G30,H30)*I30% -> 22 | K30: =J30-COUNTIF(V30:AY30,"L")-COUNTIF(V30:AY30,"H")-COUNTIF(V30:AY30,"HDL")/2-COUNTIF(V30:AY30,"NB") -> 7 | M30: =SUM(K30:L30) -> 7 | O30: =K30-N30 -> 7 | P30: =J30-K30 -> 15 | Q30: =COUNTIF(V30:BE30,"L")+COUNTIF(V30:BE30,"HDL")/2 -> 15 | S30: Yes | T30: No | U30: yes | AA30: L | AB30: L | AC30: L | AD30: L | AE30: L | AH30: L | AI30: L | AJ30: L | AK30: L | AL30: L | AO30: L | AP30: L | AQ30: L | AR30: L | AS30: L
B31: F16444 | C31: Manish Rajesh Sharma | E31: =_xlfn.XLOOKUP(B31,'[1]Employee Details Report'!$A:$A,'[1]Employee Details Report'!$C:$C,0,0,1) -> manish.sharma@fractal.ai | G31: 46113 | H31: 46142 | I31: 100 | J31: =NETWORKDAYS(G31,H31)*I31% -> 22 | K31: =J31-COUNTIF(V31:AY31,"L")-COUNTIF(V31:AY31,"H")-COUNTIF(V31:AY31,"HDL")/2-COUNTIF(V31:AY31,"NB") -> 22 | M31: =SUM(K31:L31) -> 22 | O31: =K31-N31 -> 22 | P31: =J31-K31 -> 0 | Q31: =COUNTIF(V31:BE31,"L")+COUNTIF(V31:BE31,"HDL")/2 -> 0 | S31: Yes | T31: No | U31: Yes
B32: F13899 | C32: Muhammed Suhail E K | E32: =_xlfn.XLOOKUP(B32,'[1]Employee Details Report'!$A:$A,'[1]Employee Details Report'!$C:$C,0,0,1) -> muhammed.suhail@fractal.ai | G32: 46113 | H32: 46142 | I32: 100 | J32: =NETWORKDAYS(G32,H32)*I32% -> 22 | K32: =J32-COUNTIF(V32:AY32,"L")-COUNTIF(V32:AY32,"H")-COUNTIF(V32:AY32,"HDL")/2-COUNTIF(V32:AY32,"NB") -> 17 | M32: =SUM(K32:L32) -> 17 | O32: =K32-N32 -> 17 | P32: =J32-K32 -> 5 | Q32: =COUNTIF(V32:BE32,"L")+COUNTIF(V32:BE32,"HDL")/2 -> 5 | S32: Yes | T32: Yes | U32: Yes | AA32: L | AB32: L | AC32: L | AD32: L | AE32: L
B33: F13753 | C33: Nagarjun K | E33: =_xlfn.XLOOKUP(B33,'[1]Employee Details Report'!$A:$A,'[1]Employee Details Report'!$C:$C,0,0,1) -> nagarjun.k@fractal.ai | G33: 46113 | H33: 46142 | I33: 100 | J33: =NETWORKDAYS(G33,H33)*I33% -> 22 | K33: =J33-COUNTIF(V33:AY33,"L")-COUNTIF(V33:AY33,"H")-COUNTIF(V33:AY33,"HDL")/2-COUNTIF(V33:AY33,"NB") -> 22 | M33: =SUM(K33:L33) -> 22 | O33: =K33-N33 -> 22 | P33: =J33-K33 -> 0 | Q33: =COUNTIF(V33:BE33,"L")+COUNTIF(V33:BE33,"HDL")/2 -> 0 | S33: Yes | T33: Yes | U33: Yes
B34: F14646 | C34: Nihar Bastia | E34: =_xlfn.XLOOKUP(B34,'[1]Employee Details Report'!$A:$A,'[1]Employee Details Report'!$C:$C,0,0,1) -> nihar.bastia@fractal.ai | G34: 46113 | H34: 46142 | I34: 100 | J34: =NETWORKDAYS(G34,H34)*I34% -> 22 | K34: =J34-COUNTIF(V34:AY34,"L")-COUNTIF(V34:AY34,"H")-COUNTIF(V34:AY34,"HDL")/2-COUNTIF(V34:AY34,"NB") -> 22 | M34: =SUM(K34:L34) -> 22 | O34: =K34-N34 -> 22 | P34: =J34-K34 -> 0 | Q34: =COUNTIF(V34:BE34,"L")+COUNTIF(V34:BE34,"HDL")/2 -> 0 | S34: Yes | T34: Yes | U34: Yes
B35: F11421 | C35: Pavan Kumar Reddy Tondapu | E35: =_xlfn.XLOOKUP(B35,'[1]Employee Details Report'!$A:$A,'[1]Employee Details Report'!$C:$C,0,0,1) -> pavankumarreddy.tondapu@fractal.ai | G35: 46113 | H35: 46142 | I35: 100 | J35: =NETWORKDAYS(G35,H35)*I35% -> 22 | K35: =J35-COUNTIF(V35:AY35,"L")-COUNTIF(V35:AY35,"H")-COUNTIF(V35:AY35,"HDL")/2-COUNTIF(V35:AY35,"NB") -> 22 | M35: =SUM(K35:L35) -> 22 | O35: =K35-N35 -> 22 | P35: =J35-K35 -> 0 | Q35: =COUNTIF(V35:BE35,"L")+COUNTIF(V35:BE35,"HDL")/2 -> 0 | S35: Yes | T35: Yes | U35: Yes
B36: F09792 | C36: Pinninti Ravindra | E36: =_xlfn.XLOOKUP(B36,'[1]Employee Details Report'!$A:$A,'[1]Employee Details Report'!$C:$C,0,0,1) -> pinninti.ravindra@fractal.ai | G36: 46113 | H36: 46142 | I36: 100 | J36: =NETWORKDAYS(G36,H36)*I36% -> 22 | K36: =J36-COUNTIF(V36:AY36,"L")-COUNTIF(V36:AY36,"H")-COUNTIF(V36:AY36,"HDL")/2-COUNTIF(V36:AY36,"NB") -> 21 | M36: =SUM(K36:L36) -> 21 | O36: =K36-N36 -> 21 | P36: =J36-K36 -> 1 | Q36: =COUNTIF(V36:BE36,"L")+COUNTIF(V36:BE36,"HDL")/2 -> 1 | S36: Yes | T36: No | U36: Yes | AV36: L
B37: F15834 | C37: Prajwal Athrey | E37: =_xlfn.XLOOKUP(B37,'[1]Employee Details Report'!$A:$A,'[1]Employee Details Report'!$C:$C,0,0,1) -> prajwal.athrey@fractal.ai | G37: 46113 | H37: 46142 | I37: 100 | J37: =NETWORKDAYS(G37,H37)*I37% -> 22 | K37: =J37-COUNTIF(V37:AY37,"L")-COUNTIF(V37:AY37,"H")-COUNTIF(V37:AY37,"HDL")/2-COUNTIF(V37:AY37,"NB") -> 21 | M37: =SUM(K37:L37) -> 21 | O37: =K37-N37 -> 21 | P37: =J37-K37 -> 1 | Q37: =COUNTIF(V37:BE37,"L")+COUNTIF(V37:BE37,"HDL")/2 -> 1 | S37: Yes | T37: Yes | U37: Yes | AY37: L
B38: F14085 | C38: Prakash Solanki | E38: =_xlfn.XLOOKUP(B38,'[1]Employee Details Report'!$A:$A,'[1]Employee Details Report'!$C:$C,0,0,1) -> prakash.solanki@fractal.ai | G38: 46113 | H38: 46142 | I38: 100 | J38: =NETWORKDAYS(G38,H38)*I38% -> 22 | K38: =J38-COUNTIF(V38:AY38,"L")-COUNTIF(V38:AY38,"H")-COUNTIF(V38:AY38,"HDL")/2-COUNTIF(V38:AY38,"NB") -> 16 | M38: =SUM(K38:L38) -> 16 | O38: =K38-N38 -> 16 | P38: =J38-K38 -> 6 | Q38: =COUNTIF(V38:BE38,"L")+COUNTIF(V38:BE38,"HDL")/2 -> 6 | S38: Yes | T38: Yes | U38: Yes | AI38: L | AJ38: L | AK38: L | AL38: L | AO38: L | AP38: L
B39: F14985 | C39: Pranshul Gupta | E39: =_xlfn.XLOOKUP(B39,'[1]Employee Details Report'!$A:$A,'[1]Employee Details Report'!$C:$C,0,0,1) -> pranshul.gupta@fractal.ai | G39: 46113 | H39: 46142 | I39: 100 | J39: =NETWORKDAYS(G39,H39)*I39% -> 22 | K39: =J39-COUNTIF(V39:AY39,"L")-COUNTIF(V39:AY39,"H")-COUNTIF(V39:AY39,"HDL")/2-COUNTIF(V39:AY39,"NB") -> 22 | M39: =SUM(K39:L39) -> 22 | O39: =K39-N39 -> 22 | P39: =J39-K39 -> 0 | Q39: =COUNTIF(V39:BE39,"L")+COUNTIF(V39:BE39,"HDL")/2 -> 0 | S39: Yes | T39: Yes | U39: Yes
B40: F16097 | C40: Prasad Vinayagam Naidu | E40: =_xlfn.XLOOKUP(B40,'[1]Employee Details Report'!$A:$A,'[1]Employee Details Report'!$C:$C,0,0,1) -> prasad.naidu@fractal.ai | G40: 46113 | H40: 46142 | I40: 100 | J40: =NETWORKDAYS(G40,H40)*I40% -> 22 | K40: =J40-COUNTIF(V40:AY40,"L")-COUNTIF(V40:AY40,"H")-COUNTIF(V40:AY40,"HDL")/2-COUNTIF(V40:AY40,"NB") -> 20 | M40: =SUM(K40:L40) -> 20 | O40: =K40-N40 -> 20 | P40: =J40-K40 -> 2 | Q40: =COUNTIF(V40:BE40,"L")+COUNTIF(V40:BE40,"HDL")/2 -> 2 | S40: Yes | T40: Yes | U40: Yes | AQ40: L | AR40: L
B41: F17300 | C41: Preet Kanwar Singh | E41: =_xlfn.XLOOKUP(B41,'[1]Employee Details Report'!$A:$A,'[1]Employee Details Report'!$C:$C,0,0,1) -> preet.singh@fractal.ai | G41: 46113 | H41: 46142 | I41: 100 | J41: =NETWORKDAYS(G41,H41)*I41% -> 22 | K41: =J41-COUNTIF(V41:AY41,"L")-COUNTIF(V41:AY41,"H")-COUNTIF(V41:AY41,"HDL")/2-COUNTIF(V41:AY41,"NB") -> 22 | M41: =SUM(K41:L41) -> 22 | O41: =K41-N41 -> 22 | P41: =J41-K41 -> 0 | Q41: =COUNTIF(V41:BE41,"L")+COUNTIF(V41:BE41,"HDL")/2 -> 0 | S41: Yes | T41: No | U41: No
B42: F16361 | C42: Rajarshi Pal | E42: =_xlfn.XLOOKUP(B42,'[1]Employee Details Report'!$A:$A,'[1]Employee Details Report'!$C:$C,0,0,1) -> rajarshi.pal@fractal.ai | G42: 46113 | H42: 46142 | I42: 100 | J42: =NETWORKDAYS(G42,H42)*I42% -> 22 | K42: =J42-COUNTIF(V42:AY42,"L")-COUNTIF(V42:AY42,"H")-COUNTIF(V42:AY42,"HDL")/2-COUNTIF(V42:AY42,"NB") -> 17 | M42: =SUM(K42:L42) -> 17 | O42: =K42-N42 -> 17 | P42: =J42-K42 -> 5 | Q42: =COUNTIF(V42:BE42,"L")+COUNTIF(V42:BE42,"HDL")/2 -> 5 | S42: Yes | T42: No | U42: No | AS42: L | AV42: L | AW42: L | AX42: L | AY42: L
B43: F16719 | C43: Rajat Kumar Kar | E43: =_xlfn.XLOOKUP(B43,'[1]Employee Details Report'!$A:$A,'[1]Employee Details Report'!$C:$C,0,0,1) -> rajat.kar@fractal.ai | G43: 46113 | H43: 46142 | I43: 100 | J43: =NETWORKDAYS(G43,H43)*I43% -> 22 | K43: =J43-COUNTIF(V43:AY43,"L")-COUNTIF(V43:AY43,"H")-COUNTIF(V43:AY43,"HDL")/2-COUNTIF(V43:AY43,"NB") -> 22 | M43: =SUM(K43:L43) -> 22 | O43: =K43-N43 -> 22 | P43: =J43-K43 -> 0 | Q43: =COUNTIF(V43:BE43,"L")+COUNTIF(V43:BE43,"HDL")/2 -> 0 | S43: Yes | T43: Yes | U43: Yes
B44: F16157 | C44: Rajkiran Edunuri | E44: =_xlfn.XLOOKUP(B44,'[1]Employee Details Report'!$A:$A,'[1]Employee Details Report'!$C:$C,0,0,1) -> rajkiran.edunuri@fractal.ai | G44: 46113 | H44: 46142 | I44: 100 | J44: =NETWORKDAYS(G44,H44)*I44% -> 22 | K44: =J44-COUNTIF(V44:AY44,"L")-COUNTIF(V44:AY44,"H")-COUNTIF(V44:AY44,"HDL")/2-COUNTIF(V44:AY44,"NB") -> 21 | M44: =SUM(K44:L44) -> 21 | O44: =K44-N44 -> 21 | P44: =J44-K44 -> 1 | Q44: =COUNTIF(V44:BE44,"L")+COUNTIF(V44:BE44,"HDL")/2 -> 1 | S44: Yes | T44: Yes | U44: Yes | AL44: L
B45: F17359 | C45: RAMASWAMY KOMMAVARAPU | E45: =_xlfn.XLOOKUP(B45,'[1]Employee Details Report'!$A:$A,'[1]Employee Details Report'!$C:$C,0,0,1) -> ramaswamy.kommavarapu@fractal.ai | G45: 46113 | H45: 46142 | I45: 100 | J45: =NETWORKDAYS(G45,H45)*I45% -> 22 | K45: =J45-COUNTIF(V45:AY45,"L")-COUNTIF(V45:AY45,"H")-COUNTIF(V45:AY45,"HDL")/2-COUNTIF(V45:AY45,"NB") -> 22 | M45: =SUM(K45:L45) -> 22 | O45: =K45-N45 -> 22 | P45: =J45-K45 -> 0 | Q45: =COUNTIF(V45:BE45,"L")+COUNTIF(V45:BE45,"HDL")/2 -> 0 | S45: Yes | T45: No | U45: No
B46: F02721 | C46: Ratul Ramchandani | E46: =_xlfn.XLOOKUP(B46,'[1]Employee Details Report'!$A:$A,'[1]Employee Details Report'!$C:$C,0,0,1) -> ratul.ramchandani@fractal.ai | G46: 46113 | H46: 46142 | I46: 100 | J46: =NETWORKDAYS(G46,H46)*I46% -> 22 | K46: =J46-COUNTIF(V46:AY46,"L")-COUNTIF(V46:AY46,"H")-COUNTIF(V46:AY46,"HDL")/2-COUNTIF(V46:AY46,"NB") -> 22 | M46: =SUM(K46:L46) -> 22 | O46: =K46-N46 -> 22 | P46: =J46-K46 -> 0 | Q46: =COUNTIF(V46:BE46,"L")+COUNTIF(V46:BE46,"HDL")/2 -> 0 | S46: Yes | T46: Yes | U46: Yes
B47: F17534 | C47: Rishang Santhpale | E47: =_xlfn.XLOOKUP(B47,'[1]Employee Details Report'!$A:$A,'[1]Employee Details Report'!$C:$C,0,0,1) -> rishang.santhpale@fractal.ai | G47: 46113 | H47: 46142 | I47: 100 | J47: =NETWORKDAYS(G47,H47)*I47% -> 22 | K47: =J47-COUNTIF(V47:AY47,"L")-COUNTIF(V47:AY47,"H")-COUNTIF(V47:AY47,"HDL")/2-COUNTIF(V47:AY47,"NB") -> 19 | M47: =SUM(K47:L47) -> 19 | O47: =K47-N47 -> 19 | P47: =J47-K47 -> 3 | Q47: =COUNTIF(V47:BE47,"L")+COUNTIF(V47:BE47,"HDL")/2 -> 3 | S47: Yes | T47: Yes | U47: No | AW47: L | AX47: L | AY47: L
B48: F14333 | C48: Ritobrita De | E48: =_xlfn.XLOOKUP(B48,'[1]Employee Details Report'!$A:$A,'[1]Employee Details Report'!$C:$C,0,0,1) -> ritobrita.de@fractal.ai | G48: 46113 | H48: 46142 | I48: 100 | J48: =NETWORKDAYS(G48,H48)*I48% -> 22 | K48: =J48-COUNTIF(V48:AY48,"L")-COUNTIF(V48:AY48,"H")-COUNTIF(V48:AY48,"HDL")/2-COUNTIF(V48:AY48,"NB") -> 22 | M48: =SUM(K48:L48) -> 22 | O48: =K48-N48 -> 22 | P48: =J48-K48 -> 0 | Q48: =COUNTIF(V48:BE48,"L")+COUNTIF(V48:BE48,"HDL")/2 -> 0 | S48: Yes | T48: no | U48: No
B49: F09515 | C49: Roshan Raghavendra Srinivas | E49: =_xlfn.XLOOKUP(B49,'[1]Employee Details Report'!$A:$A,'[1]Employee Details Report'!$C:$C,0,0,1) -> roshan.srinivas@fractal.ai | G49: 46113 | H49: 46142 | I49: 100 | J49: =NETWORKDAYS(G49,H49)*I49% -> 22 | K49: =J49-COUNTIF(V49:AY49,"L")-COUNTIF(V49:AY49,"H")-COUNTIF(V49:AY49,"HDL")/2-COUNTIF(V49:AY49,"NB") -> 21 | M49: =SUM(K49:L49) -> 21 | O49: =K49-N49 -> 21 | P49: =J49-K49 -> 1 | Q49: =COUNTIF(V49:BE49,"L")+COUNTIF(V49:BE49,"HDL")/2 -> 1 | S49: Yes | T49: Yes | U49: Yes | AS49: L
B50: F15145 | C50: Rubini Subash | E50: =_xlfn.XLOOKUP(B50,'[1]Employee Details Report'!$A:$A,'[1]Employee Details Report'!$C:$C,0,0,1) -> rubini.subash@fractal.ai | G50: 46113 | H50: 46142 | I50: 100 | J50: =NETWORKDAYS(G50,H50)*I50% -> 22 | K50: =J50-COUNTIF(V50:AY50,"L")-COUNTIF(V50:AY50,"H")-COUNTIF(V50:AY50,"HDL")/2-COUNTIF(V50:AY50,"NB") -> 21 | M50: =SUM(K50:L50) -> 21 | O50: =K50-N50 -> 21 | P50: =J50-K50 -> 1 | Q50: =COUNTIF(V50:BE50,"L")+COUNTIF(V50:BE50,"HDL")/2 -> 1 | S50: Yes | T50: No | U50: Yes | AR50: L
B51: F13601 | C51: Saravanan Bs | E51: =_xlfn.XLOOKUP(B51,'[1]Employee Details Report'!$A:$A,'[1]Employee Details Report'!$C:$C,0,0,1) -> saravanan.bs@fractal.ai | G51: 46113 | H51: 46142 | I51: 100 | J51: =NETWORKDAYS(G51,H51)*I51% -> 22 | K51: =J51-COUNTIF(V51:AY51,"L")-COUNTIF(V51:AY51,"H")-COUNTIF(V51:AY51,"HDL")/2-COUNTIF(V51:AY51,"NB") -> 21 | M51: =SUM(K51:L51) -> 21 | O51: =K51-N51 -> 21 | P51: =J51-K51 -> 1 | Q51: =COUNTIF(V51:BE51,"L")+COUNTIF(V51:BE51,"HDL")/2 -> 1 | S51: Yes | T51: Yes | U51: Yes | AY51: L
B52: F08818 | C52: Satheesh Kumar Kaliappan | E52: =_xlfn.XLOOKUP(B52,'[1]Employee Details Report'!$A:$A,'[1]Employee Details Report'!$C:$C,0,0,1) -> satheesh.kumar@fractal.ai | G52: 46113 | H52: 46142 | I52: 100 | J52: =NETWORKDAYS(G52,H52)*I52% -> 22 | K52: =J52-COUNTIF(V52:AY52,"L")-COUNTIF(V52:AY52,"H")-COUNTIF(V52:AY52,"HDL")/2-COUNTIF(V52:AY52,"NB") -> 21 | M52: =SUM(K52:L52) -> 21 | O52: =K52-N52 -> 21 | P52: =J52-K52 -> 1 | Q52: =COUNTIF(V52:BE52,"L")+COUNTIF(V52:BE52,"HDL")/2 -> 1 | S52: Yes | T52: Yes | U52: Yes | AX52: L
B53: F15781 | C53: Shah Tapan | E53: =_xlfn.XLOOKUP(B53,'[1]Employee Details Report'!$A:$A,'[1]Employee Details Report'!$C:$C,0,0,1) -> shah.tapan@fractal.ai | G53: 46113 | H53: 46142 | I53: 100 | J53: =NETWORKDAYS(G53,H53)*I53% -> 22 | K53: =J53-COUNTIF(V53:AY53,"L")-COUNTIF(V53:AY53,"H")-COUNTIF(V53:AY53,"HDL")/2-COUNTIF(V53:AY53,"NB") -> 22 | M53: =SUM(K53:L53) -> 22 | O53: =K53-N53 -> 22 | P53: =J53-K53 -> 0 | Q53: =COUNTIF(V53:BE53,"L")+COUNTIF(V53:BE53,"HDL")/2 -> 0 | S53: Yes | T53: Yes | U53: Yes
B54: F15363 | C54: Shekhar Singh | E54: =_xlfn.XLOOKUP(B54,'[1]Employee Details Report'!$A:$A,'[1]Employee Details Report'!$C:$C,0,0,1) -> shekhar.singh@fractal.ai | G54: 46113 | H54: 46142 | I54: 100 | J54: =NETWORKDAYS(G54,H54)*I54% -> 22 | K54: =J54-COUNTIF(V54:AY54,"L")-COUNTIF(V54:AY54,"H")-COUNTIF(V54:AY54,"HDL")/2-COUNTIF(V54:AY54,"NB") -> 20 | M54: =SUM(K54:L54) -> 20 | O54: =K54-N54 -> 20 | P54: =J54-K54 -> 2 | Q54: =COUNTIF(V54:BE54,"L")+COUNTIF(V54:BE54,"HDL")/2 -> 2 | S54: Yes | T54: Yes | U54: Yes | AX54: L | AY54: L
B55: F16819 | C55: Shivani Kumari | E55: =_xlfn.XLOOKUP(B55,'[1]Employee Details Report'!$A:$A,'[1]Employee Details Report'!$C:$C,0,0,1) -> shivani.kumari@fractal.ai | G55: 46113 | H55: 46142 | I55: 100 | J55: =NETWORKDAYS(G55,H55)*I55% -> 22 | K55: 21 | M55: 21 | O55: =K55-N55 -> 21 | P55: 1 | Q55: =COUNTIF(V55:BE55,"L")+COUNTIF(V55:BE55,"HDL")/2 -> 1 | S55: yes | T55: yes | U55: yes | AO55: L
B56: F08227 | C56: Shubham Bhaskar | E56: =_xlfn.XLOOKUP(B56,'[1]Employee Details Report'!$A:$A,'[1]Employee Details Report'!$C:$C,0,0,1) -> shubham.bhaskar@fractal.ai | G56: 46113 | H56: 46142 | I56: 100 | J56: =NETWORKDAYS(G56,H56)*I56% -> 22 | K56: =J56-COUNTIF(V56:AY56,"L")-COUNTIF(V56:AY56,"H")-COUNTIF(V56:AY56,"HDL")/2-COUNTIF(V56:AY56,"NB") -> 20 | M56: =SUM(K56:L56) -> 20 | O56: =K56-N56 -> 20 | P56: =J56-K56 -> 2 | Q56: =COUNTIF(V56:BE56,"L")+COUNTIF(V56:BE56,"HDL")/2 -> 2 | S56: Yes | T56: Yes | U56: Yes | W56: L | AJ56: L
B57: F11804 | C57: Shweta Dubey | E57: =_xlfn.XLOOKUP(B57,'[1]Employee Details Report'!$A:$A,'[1]Employee Details Report'!$C:$C,0,0,1) -> shweta.dubey@fractal.ai | G57: 46113 | H57: 46142 | I57: 100 | J57: =NETWORKDAYS(G57,H57)*I57% -> 22 | K57: =J57-COUNTIF(V57:AY57,"L")-COUNTIF(V57:AY57,"H")-COUNTIF(V57:AY57,"HDL")/2-COUNTIF(V57:AY57,"NB") -> 22 | M57: =SUM(K57:L57) -> 22 | O57: =K57-N57 -> 22 | P57: =J57-K57 -> 0 | Q57: =COUNTIF(V57:BE57,"L")+COUNTIF(V57:BE57,"HDL")/2 -> 0 | S57: Yes | T57: Yes | U57: Yes
B58: F13807 | C58: Shyam Sunder Thakur | E58: =_xlfn.XLOOKUP(B58,'[1]Employee Details Report'!$A:$A,'[1]Employee Details Report'!$C:$C,0,0,1) -> shyam.thakur@fractal.ai | G58: 46113 | H58: 46142 | I58: 100 | J58: =NETWORKDAYS(G58,H58)*I58% -> 22 | K58: =J58-COUNTIF(V58:AY58,"L")-COUNTIF(V58:AY58,"H")-COUNTIF(V58:AY58,"HDL")/2-COUNTIF(V58:AY58,"NB") -> 22 | M58: =SUM(K58:L58) -> 22 | O58: =K58-N58 -> 22 | P58: =J58-K58 -> 0 | Q58: =COUNTIF(V58:BE58,"L")+COUNTIF(V58:BE58,"HDL")/2 -> 0 | S58: Yes | T58: Yes | U58: Yes
B59: F14313 | C59: Sujith Kumar B | E59: =_xlfn.XLOOKUP(B59,'[1]Employee Details Report'!$A:$A,'[1]Employee Details Report'!$C:$C,0,0,1) -> sujith.b@fractal.ai | G59: 46113 | H59: 46142 | I59: 100 | J59: =NETWORKDAYS(G59,H59)*I59% -> 22 | K59: =J59-COUNTIF(V59:AY59,"L")-COUNTIF(V59:AY59,"H")-COUNTIF(V59:AY59,"HDL")/2-COUNTIF(V59:AY59,"NB") -> 17 | M59: =SUM(K59:L59) -> 17 | O59: =K59-N59 -> 17 | P59: =J59-K59 -> 5 | Q59: =COUNTIF(V59:BE59,"L")+COUNTIF(V59:BE59,"HDL")/2 -> 5 | S59: Yes | T59: Yes | U59: Yes | AC59: L | AD59: L | AE59: L | AH59: L | AI59: L
B60: F16597 | C60: Susatya Sinha | E60: =_xlfn.XLOOKUP(B60,'[1]Employee Details Report'!$A:$A,'[1]Employee Details Report'!$C:$C,0,0,1) -> susatya.sinha@fractal.ai | G60: 46113 | H60: 46142 | I60: 100 | J60: =NETWORKDAYS(G60,H60)*I60% -> 22 | K60: =J60-COUNTIF(V60:AY60,"L")-COUNTIF(V60:AY60,"H")-COUNTIF(V60:AY60,"HDL")/2-COUNTIF(V60:AY60,"NB") -> 22 | M60: =SUM(K60:L60) -> 22 | O60: =K60-N60 -> 22 | P60: =J60-K60 -> 0 | Q60: =COUNTIF(V60:BE60,"L")+COUNTIF(V60:BE60,"HDL")/2 -> 0 | S60: Yes | T60: No | U60: Yes
B61: F07286 | C61: Sushanth S | E61: =_xlfn.XLOOKUP(B61,'[1]Employee Details Report'!$A:$A,'[1]Employee Details Report'!$C:$C,0,0,1) -> sushanth.s@fractal.ai | G61: 46113 | H61: 46142 | I61: 100 | J61: =NETWORKDAYS(G61,H61)*I61% -> 22 | K61: =J61-COUNTIF(V61:AY61,"L")-COUNTIF(V61:AY61,"H")-COUNTIF(V61:AY61,"HDL")/2-COUNTIF(V61:AY61,"NB") -> 20 | M61: =SUM(K61:L61) -> 20 | O61: =K61-N61 -> 20 | P61: =J61-K61 -> 2 | Q61: =COUNTIF(V61:BE61,"L")+COUNTIF(V61:BE61,"HDL")/2 -> 2 | S61: Yes | T61: Yes | U61: Yes | AL61: L | AO61: L
B62: F15206 | C62: Trisha Ranjan | E62: =_xlfn.XLOOKUP(B62,'[1]Employee Details Report'!$A:$A,'[1]Employee Details Report'!$C:$C,0,0,1) -> trisha.ranjan@fractal.ai | G62: 46113 | H62: 46142 | I62: 100 | J62: =NETWORKDAYS(G62,H62)*I62% -> 22 | K62: =J62-COUNTIF(V62:AY62,"L")-COUNTIF(V62:AY62,"H")-COUNTIF(V62:AY62,"HDL")/2-COUNTIF(V62:AY62,"NB") -> 19 | M62: =SUM(K62:L62) -> 19 | O62: =K62-N62 -> 19 | P62: =J62-K62 -> 3 | Q62: 3 | S62: Yes | T62: Yes | U62: Yes | AV62: L | AW62: L | AX62: L
B63: F11959 | C63: Utkarsh Chaudhary | E63: =_xlfn.XLOOKUP(B63,'[1]Employee Details Report'!$A:$A,'[1]Employee Details Report'!$C:$C,0,0,1) -> utkarsh.chaudhary@fractal.ai | G63: 46113 | H63: 46142 | I63: 100 | J63: =NETWORKDAYS(G63,H63)*I63% -> 22 | K63: =J63-COUNTIF(V63:AY63,"L")-COUNTIF(V63:AY63,"H")-COUNTIF(V63:AY63,"HDL")/2-COUNTIF(V63:AY63,"NB") -> 22 | M63: =SUM(K63:L63) -> 22 | O63: =K63-N63 -> 22 | P63: =J63-K63 -> 0 | Q63: =COUNTIF(V63:BE63,"L")+COUNTIF(V63:BE63,"HDL")/2 -> 0 | S63: Yes | T63: Yes | U63: Yes
B64: F13312 | C64: Utkarsh Sharma | E64: =_xlfn.XLOOKUP(B64,'[1]Employee Details Report'!$A:$A,'[1]Employee Details Report'!$C:$C,0,0,1) -> utkarsh.sharma2@fractal.ai | G64: 46113 | H64: 46142 | I64: 100 | J64: =NETWORKDAYS(G64,H64)*I64% -> 22 | K64: =J64-COUNTIF(V64:AY64,"L")-COUNTIF(V64:AY64,"H")-COUNTIF(V64:AY64,"HDL")/2-COUNTIF(V64:AY64,"NB") -> 19 | M64: =SUM(K64:L64) -> 19 | O64: =K64-N64 -> 19 | P64: =J64-K64 -> 3 | Q64: =COUNTIF(V64:BE64,"L")+COUNTIF(V64:BE64,"HDL")/2 -> 3 | S64: Yes | T64: No | U64: No | AL64: L | AR64: L | AS64: L
B65: F15410 | C65: Vaishnavee Awadhesh Gupta | E65: =_xlfn.XLOOKUP(B65,'[1]Employee Details Report'!$A:$A,'[1]Employee Details Report'!$C:$C,0,0,1) -> vaishnavee.gupta@fractal.ai | G65: 46113 | H65: 46142 | I65: 100 | J65: =NETWORKDAYS(G65,H65)*I65% -> 22 | K65: =J65-COUNTIF(V65:AY65,"L")-COUNTIF(V65:AY65,"H")-COUNTIF(V65:AY65,"HDL")/2-COUNTIF(V65:AY65,"NB") -> 21 | M65: =SUM(K65:L65) -> 21 | O65: =K65-N65 -> 21 | P65: =J65-K65 -> 1 | Q65: 1 | S65: YES | T65: YES | U65: YES | AE65: L
B66: F12344 | C66: Vikash Kumar | E66: =_xlfn.XLOOKUP(B66,'[1]Employee Details Report'!$A:$A,'[1]Employee Details Report'!$C:$C,0,0,1) -> vikash.kumar@fractal.ai | G66: 46113 | H66: 46142 | I66: 100 | J66: =NETWORKDAYS(G66,H66)*I66% -> 22 | K66: =J66-COUNTIF(V66:AY66,"L")-COUNTIF(V66:AY66,"H")-COUNTIF(V66:AY66,"HDL")/2-COUNTIF(V66:AY66,"NB") -> 20 | M66: =SUM(K66:L66) -> 20 | O66: =K66-N66 -> 20 | P66: =J66-K66 -> 2 | Q66: =COUNTIF(V66:BE66,"L")+COUNTIF(V66:BE66,"HDL")/2 -> 2 | S66: Yes | T66: Yes | U66: Yes | AH66: L | AI66: L
B67: F16600 | C67: Vaishnavi Prasad | E67: =_xlfn.XLOOKUP(B67,'[1]Employee Details Report'!$A:$A,'[1]Employee Details Report'!$C:$C,0,0,1) -> vaishnavi.prasad@fractal.ai | G67: 46113 | H67: 46142 | I67: 100 | J67: =NETWORKDAYS(G67,H67)*I67% -> 22 | K67: =J67-COUNTIF(V67:AY67,"L")-COUNTIF(V67:AY67,"H")-COUNTIF(V67:AY67,"HDL")/2-COUNTIF(V67:AY67,"NB") -> 22 | M67: =SUM(K67:L67) -> 22 | O67: =K67-N67 -> 22 | P67: =J67-K67 -> 0 | Q67: =COUNTIF(V67:BE67,"L")+COUNTIF(V67:BE67,"HDL")/2 -> 0 | S67: yes | T67: yes | U67: yes
B68: F14490 | C68: Vanshika Jain | E68: =_xlfn.XLOOKUP(B68,'[1]Employee Details Report'!$A:$A,'[1]Employee Details Report'!$C:$C,0,0,1) -> vanshika.jain@fractal.ai | G68: 46113 | H68: 46142 | I68: 100 | J68: =NETWORKDAYS(G68,H68)*I68% -> 22 | K68: =J68-COUNTIF(V68:AY68,"L")-COUNTIF(V68:AY68,"H")-COUNTIF(V68:AY68,"HDL")/2-COUNTIF(V68:AY68,"NB") -> 19 | M68: =SUM(K68:L68) -> 19 | O68: =K68-N68 -> 19 | P68: =J68-K68 -> 3 | Q68: =COUNTIF(V68:BE68,"L")+COUNTIF(V68:BE68,"HDL")/2 -> 3 | S68: yes | T68: No | U68: yes | AC68: L | AD68: L | AH68: L
B69: F16925 | C69: Vinodhkumar Santhakumar | E69: =_xlfn.XLOOKUP(B69,'[1]Employee Details Report'!$A:$A,'[1]Employee Details Report'!$C:$C,0,0,1) -> vinodhkumar.santhakumar@fractal.ai | G69: 46113 | H69: 46142 | I69: 100 | J69: =NETWORKDAYS(G69,H69)*I69% -> 22 | K69: =J69-COUNTIF(V69:AY69,"L")-COUNTIF(V69:AY69,"H")-COUNTIF(V69:AY69,"HDL")/2-COUNTIF(V69:AY69,"NB") -> 18 | M69: =SUM(K69:L69) -> 18 | O69: =K69-N69 -> 18 | P69: =J69-K69 -> 4 | Q69: =COUNTIF(V69:BE69,"L")+COUNTIF(V69:BE69,"HDL")/2 -> 4 | S69: Yes | T69: Yes | U69: Yes | AL69: L | AO69: L | AP69: L | AQ69: L
B70: F11776 | C70: Neha Agrawal | E70: =_xlfn.XLOOKUP(B70,'[1]Employee Details Report'!$A:$A,'[1]Employee Details Report'!$C:$C,0,0,1) -> neha.agrawal@fractal.ai | G70: 46113 | H70: 46142 | I70: 100 | J70: =NETWORKDAYS(G70,H70)*I70% -> 22 | K70: =J70-COUNTIF(V70:AY70,"L")-COUNTIF(V70:AY70,"H")-COUNTIF(V70:AY70,"HDL")/2-COUNTIF(V70:AY70,"NB") -> 22 | M70: =SUM(K70:L70) -> 22 | O70: =K70-N70 -> 22 | P70: =J70-K70 -> 0 | Q70: 1.5 | S70: yes | T70: yes | U70: Yes
B71: F12652 | C71: Seshadri Mohana Lakshmi Sahithi | E71: =_xlfn.XLOOKUP(B71,'[1]Employee Details Report'!$A:$A,'[1]Employee Details Report'!$C:$C,0,0,1) -> seshadrimohana.lakshmisahithi@fractal.ai | G71: 46113 | H71: 46142 | I71: 100 | J71: =NETWORKDAYS(G71,H71)*I71% -> 22 | K71: =J71-COUNTIF(V71:AY71,"L")-COUNTIF(V71:AY71,"H")-COUNTIF(V71:AY71,"HDL")/2-COUNTIF(V71:AY71,"NB") -> 20 | M71: =SUM(K71:L71) -> 20 | O71: =K71-N71 -> 20 | P71: =J71-K71 -> 2 | Q71: =COUNTIF(V71:BE71,"L")+COUNTIF(V71:BE71,"HDL")/2 -> 2 | S71: Yes | T71: Yes | U71: No | X71: L | AB71: L
B72: F14503 | C72: Shivangi Khanna | E72: =_xlfn.XLOOKUP(B72,'[1]Employee Details Report'!$A:$A,'[1]Employee Details Report'!$C:$C,0,0,1) -> shivangi.khanna@fractal.ai | G72: 46113 | H72: 46142 | I72: 100 | J72: =NETWORKDAYS(G72,H72)*I72% -> 22 | K72: =J72-COUNTIF(V72:AY72,"L")-COUNTIF(V72:AY72,"H")-COUNTIF(V72:AY72,"HDL")/2-COUNTIF(V72:AY72,"NB") -> 21 | M72: =SUM(K72:L72) -> 21 | O72: =K72-N72 -> 21 | P72: =J72-K72 -> 1 | Q72: =COUNTIF(V72:BE72,"L")+COUNTIF(V72:BE72,"HDL")/2 -> 1 | S72: Yes | T72: Yes | U72: Yes | AY72: L
B73: F15226 | C73: Jaiyanth RB | E73: =_xlfn.XLOOKUP(B73,'[1]Employee Details Report'!$A:$A,'[1]Employee Details Report'!$C:$C,0,0,1) -> jaiyanth.rb@fractal.ai | G73: 46113 | H73: 46142 | I73: 100 | J73: =NETWORKDAYS(G73,H73)*I73% -> 22 | K73: =J73-COUNTIF(V73:AY73,"L")-COUNTIF(V73:AY73,"H")-COUNTIF(V73:AY73,"HDL")/2-COUNTIF(V73:AY73,"NB") -> 21 | M73: =SUM(K73:L73) -> 21 | O73: =K73-N73 -> 21 | P73: =J73-K73 -> 1 | Q73: =COUNTIF(V73:BE73,"L")+COUNTIF(V73:BE73,"HDL")/2 -> 1 | S73: Yes | T73: Yes | U73: Yes | AJ73: L
B74: F16221 | C74: Dijal Tom | E74: =_xlfn.XLOOKUP(B74,'[1]Employee Details Report'!$A:$A,'[1]Employee Details Report'!$C:$C,0,0,1) -> dijal.tom@fractal.ai | G74: 46113 | H74: 46142 | I74: 100 | J74: =NETWORKDAYS(G74,H74)*I74% -> 22 | K74: =J74-COUNTIF(V74:AY74,"L")-COUNTIF(V74:AY74,"H")-COUNTIF(V74:AY74,"HDL")/2-COUNTIF(V74:AY74,"NB") -> 21 | M74: =SUM(K74:L74) -> 21 | O74: =K74-N74 -> 21 | P74: 1 | Q74: =COUNTIF(V74:BE74,"L")+COUNTIF(V74:BE74,"HDL")/2 -> 1 | S74: Yes | T74: Yes | U74: Yes | W74: L
B75: F17891 | C75: Hithesh G R | E75: =_xlfn.XLOOKUP(B75,'[1]Employee Details Report'!$A:$A,'[1]Employee Details Report'!$C:$C,0,0,1) -> hithesh.r@fractal.ai | G75: 46113 | H75: 46142 | I75: 100 | J75: =NETWORKDAYS(G75,H75)*I75% -> 22 | K75: =J75-COUNTIF(V75:AY75,"L")-COUNTIF(V75:AY75,"H")-COUNTIF(V75:AY75,"HDL")/2-COUNTIF(V75:AY75,"NB") -> 20 | M75: =SUM(K75:L75) -> 20 | O75: =K75-N75 -> 20 | P75: =J75-K75 -> 2 | Q75: =COUNTIF(V75:BE75,"L")+COUNTIF(V75:BE75,"HDL")/2 -> 2 | S75: Yes | T75: Yes | U75: Yes | AR75: L | AY75: L
B76: F17922 | C76: Sunny . | E76: =_xlfn.XLOOKUP(B76,'[1]Employee Details Report'!$A:$A,'[1]Employee Details Report'!$C:$C,0,0,1) -> sunny.1@fractal.ai | G76: 46113 | H76: 46142 | I76: 100 | J76: =NETWORKDAYS(G76,H76)*I76% -> 22 | K76: =J76-COUNTIF(V76:AY76,"L")-COUNTIF(V76:AY76,"H")-COUNTIF(V76:AY76,"HDL")/2-COUNTIF(V76:AY76,"NB") -> 22 | M76: =SUM(K76:L76) -> 22 | O76: =K76-N76 -> 22 | P76: =J76-K76 -> 0 | Q76: =COUNTIF(V76:BE76,"L")+COUNTIF(V76:BE76,"HDL")/2 -> 0 | S76: Yes | T76: Yes | U76: Yes
B77: F14764 | C77: Sourav Das | E77: =_xlfn.XLOOKUP(B77,'[1]Employee Details Report'!$A:$A,'[1]Employee Details Report'!$C:$C,0,0,1) -> sourav.das@fractal.ai | G77: 46113 | H77: 46142 | I77: 101 | J77: =NETWORKDAYS(G77,H77)*I77% -> 22.22 | K77: =J77-COUNTIF(V77:AY77,"L")-COUNTIF(V77:AY77,"H")-COUNTIF(V77:AY77,"HDL")/2-COUNTIF(V77:AY77,"NB") -> 19.22 | M77: =SUM(K77:L77) -> 19.22 | O77: =K77-N77 -> 19.22 | P77: 3 | Q77: 3 | S77: Yes | T77: No | U77: Yes | V77: L | W77: L | X77: L
B78: F16824 | C78: Abhishek Kamboj | E78: =_xlfn.XLOOKUP(B78,'[1]Employee Details Report'!$A:$A,'[1]Employee Details Report'!$C:$C,0,0,1) -> abhishek.kamboj@fractal.ai | G78: 46113 | H78: 46142 | I78: 102 | J78: =NETWORKDAYS(G78,H78)*I78% -> 22.44 | K78: =J78-COUNTIF(V78:AY78,"L")-COUNTIF(V78:AY78,"H")-COUNTIF(V78:AY78,"HDL")/2-COUNTIF(V78:AY78,"NB") -> 20.44 | M78: =SUM(K78:L78) -> 20.44 | O78: =K78-N78 -> 20.44 | P78: =J78-K78 -> 2 | Q78: =COUNTIF(V78:BE78,"L")+COUNTIF(V78:BE78,"HDL")/2 -> 2 | S78: Yes | T78: Yes | U78: Yes | AL78: L | AQ78: L
B79: F15089 | C79: Amal K | E79: =_xlfn.XLOOKUP(B79,'[1]Employee Details Report'!$A:$A,'[1]Employee Details Report'!$C:$C,0,0,1) -> amal.k@fractal.ai | G79: 46113 | H79: 46142 | I79: 100 | J79: =NETWORKDAYS(G79,H79)*I79% -> 22 | K79: =J79-COUNTIF(V79:AZ79,"L")-COUNTIF(V79:AZ79,"H")-COUNTIF(V79:AZ79,"HDL")/2-COUNTIF(V79:AZ79,"NB") -> 21 | M79: =SUM(K79:L79) -> 21 | O79: =K79-N79 -> 21 | P79: =J79-K79 -> 1 | Q79: =COUNTIF(V79:BE79,"L")+COUNTIF(V79:BE79,"HDL")/2 -> 1 | S79: Yes | T79: yes | U79: yes | AJ79: L
B80: F16906 | C80: Adarsh Kumar Singh | E80: =_xlfn.XLOOKUP(B80,'[1]Employee Details Report'!$A:$A,'[1]Employee Details Report'!$C:$C,0,0,1) -> adarsh.singh@fractal.ai | G80: 46113 | H80: 46142 | I80: 100 | J80: =NETWORKDAYS(G80,H80)*I80% -> 22 | K80: =J80-COUNTIF(V80:AZ80,"L")-COUNTIF(V80:AZ80,"H")-COUNTIF(V80:AZ80,"HDL")/2-COUNTIF(V80:AZ80,"NB") -> 22 | M80: =SUM(K80:L80) -> 22 | O80: =K80-N80 -> 22 | P80: =J80-K80 -> 0 | Q80: =COUNTIF(V80:BE80,"L")+COUNTIF(V80:BE80,"HDL")/2 -> 0 | S80: No | T80: No | U80: No
B81: F17997 | C81: Sasidharan N | E81: =_xlfn.XLOOKUP(B81,'[1]Employee Details Report'!$A:$A,'[1]Employee Details Report'!$C:$C,0,0,1) -> sasidharan.n@fractal.ai | G81: 46113 | H81: 46142 | I81: 100 | J81: =NETWORKDAYS(G81,H81)*I81% -> 22 | K81: =J81-COUNTIF(V81:AZ81,"L")-COUNTIF(V81:AZ81,"H")-COUNTIF(V81:AZ81,"HDL")/2-COUNTIF(V81:AZ81,"NB") -> 11 | M81: =SUM(K81:L81) -> 11 | O81: =K81-N81 -> 11 | P81: =J81-K81 -> 11 | Q81: =COUNTIF(V81:BE81,"L")+COUNTIF(V81:BE81,"HDL")/2 -> 5 | R81: Joined MBRDI on 9th Apr | S81: Yes | T81: Yes | U81: Yes | V81: NB | W81: NB | X81: NB | AA81: NB | AB81: NB | AC81: NB | AO81: L | AR81: L | AS81: L | AV81: L | AW81: L
B82: F18014 | C82: Chinmaya Mishra | E82: =_xlfn.XLOOKUP(B82,'[1]Employee Details Report'!$A:$A,'[1]Employee Details Report'!$C:$C,0,0,1) -> chinmaya.mishra@fractal.ai | G82: 46113 | H82: 46142 | I82: 100 | J82: =NETWORKDAYS(G82,H82)*I82% -> 22 | K82: =J82-COUNTIF(V82:AZ82,"L")-COUNTIF(V82:AZ82,"H")-COUNTIF(V82:AZ82,"HDL")/2-COUNTIF(V82:AZ82,"NB") -> 22 | M82: =SUM(K82:L82) -> 22 | O82: =K82-N82 -> 22 | P82: =J82-K82 -> 0 | Q82: =COUNTIF(V82:BE82,"L")+COUNTIF(V82:BE82,"HDL")/2 -> 0 | S82: Yes | T82: Yes | U82: Yes
B83: F18031 | C83: Daniel Pradeep Palina | E83: =_xlfn.XLOOKUP(B83,'[1]Employee Details Report'!$A:$A,'[1]Employee Details Report'!$C:$C,0,0,1) -> daniel.palina@fractal.ai | G83: 46113 | H83: 46142 | I83: 100 | J83: =NETWORKDAYS(G83,H83)*I83% -> 22 | K83: =J83-COUNTIF(V83:AZ83,"L")-COUNTIF(V83:AZ83,"H")-COUNTIF(V83:AZ83,"HDL")/2-COUNTIF(V83:AZ83,"NB") -> 22 | M83: =SUM(K83:L83) -> 22 | O83: =K83-N83 -> 22 | P83: =J83-K83 -> 0 | Q83: =COUNTIF(V83:BE83,"L")+COUNTIF(V83:BE83,"HDL")/2 -> 0 | S83: Yes | T83: Yes | U83: Yes
B84: F18073 | C84: Ruchita Mahato | E84: =_xlfn.XLOOKUP(B84,'[1]Employee Details Report'!$A:$A,'[1]Employee Details Report'!$C:$C,0,0,1) -> ruchita.mahato@fractal.ai | G84: 46113 | H84: 46142 | I84: 100 | J84: =NETWORKDAYS(G84,H84)*I84% -> 22 | K84: =J84-COUNTIF(V84:AZ84,"L")-COUNTIF(V84:AZ84,"H")-COUNTIF(V84:AZ84,"HDL")/2-COUNTIF(V84:AZ84,"NB") -> 22 | M84: =SUM(K84:L84) -> 22 | O84: =K84-N84 -> 22 | P84: =J84-K84 -> 0 | Q84: =COUNTIF(V84:BE84,"L")+COUNTIF(V84:BE84,"HDL")/2 -> 0 | S84: Yes | T84: No | U84: Yes
J85: =SUM(J5:J84) -> 1760.66 | K85: =SUM(K5:K84) -> 1620.66 | L85: =SUM(L5:L76) -> 0 | M85: =SUM(M5:M84) -> 1620.66 | N85: =SUM(N5:N76) -> 0 | O85: =SUM(O5:O84) -> 1620.66 | P85: =SUM(P5:P84) -> 140 | Q85: =SUM(Q5:Q84) -> 135.5
Q86: =Q85/M85 -> 0.083607913
U87: yes

Sheet May 26
B1: Emp Id | C1: Emp Name | D1: Emp Client ID | E1: Fractal Email ID | F1: Client email ID | G1: Allocation Start Date | H1: Allocation End Date | I1: Alloc % | J1: Allocated Days | K1: Billed Days for current month | L1: Adj for past month | M1: Revenue cnf days | N1: Timesheet days | O1: Diff | P1: Unbilled Days | Q1: Total Leave Days | V1: 46143 | W1: 46144 | X1: 46145 | Y1: 46146 | Z1: 46147 | AA1: 46148 | AB1: 46149 | AC1: 46150 | AD1: 46151 | AE1: 46152 | AF1: 46153 | AG1: 46154 | AH1: 46155 | AI1: 46156 | AJ1: 46157 | AK1: 46158 | AL1: 46159 | AM1: 46160 | AN1: 46161 | AO1: 46162 | AP1: 46163 | AQ1: 46164 | AR1: 46165 | AS1: 46166 | AT1: 46167 | AU1: 46168 | AV1: 46169 | AW1: 46170 | AX1: 46171 | AY1: 46172 | AZ1: 46173
B2: F10572 | C2: Aakash Arora | E2: aakash.arora@fractal.ai | G2: 46143 | H2: 46173 | I2: 100 | J2: =NETWORKDAYS(G2,H2)*I2% -> 21 | K2: =J2-COUNTIF(V2:AY2,"L")-COUNTIF(V2:AY2,"H")-COUNTIF(V2:AY2,"HDL")/2-COUNTIF(V2:AY2,"NB") -> 15 | M2: =SUM(K2:L2) -> 15 | O2: =K2-N2 -> 15 | P2: =J2-K2 -> 6 | Q2: =COUNTIF(V2:BE2,"L")+COUNTIF(V2:BE2,"HDL")/2 -> 5 | S2: Yes | T2: No | U2: No | V2: H | AM2: L | AN2: L | AO2: L | AP2: L | AQ2: L
B3: F12020 | C3: Aashish Kaushik | E3: aashish.kaushik@fractal.ai | G3: 46143 | H3: 46173 | I3: 100 | J3: =NETWORKDAYS(G3,H3)*I3% -> 21 | K3: =J3-COUNTIF(V3:AY3,"L")-COUNTIF(V3:AY3,"H")-COUNTIF(V3:AY3,"HDL")/2-COUNTIF(V3:AY3,"NB") -> 21 | M3: =SUM(K3:L3) -> 21 | O3: =K3-N3 -> 21 | P3: =J3-K3 -> 0 | Q3: =COUNTIF(V3:BE3,"L")+COUNTIF(V3:BE3,"HDL")/2 -> 0 | S3: No | T3: No | U3: No
B4: F16244 | C4: Abhishek Kumar | E4: abhishek.kumar7@fractal.ai | G4: 46143 | H4: 46173 | I4: 100 | J4: =NETWORKDAYS(G4,H4)*I4% -> 21 | K4: =J4-COUNTIF(V4:AY4,"L")-COUNTIF(V4:AY4,"H")-COUNTIF(V4:AY4,"HDL")/2-COUNTIF(V4:AY4,"NB") -> 21 | M4: =SUM(K4:L4) -> 21 | O4: =K4-N4 -> 21 | P4: =J4-K4 -> 0 | Q4: =COUNTIF(V4:BE4,"L")+COUNTIF(V4:BE4,"HDL")/2 -> 0 | S4: No | T4: No | U4: No
B5: F17557 | C5: Adithya Udupa | E5: adithya.udupa@fractal.ai | G5: 46143 | H5: 46173 | I5: 100 | J5: =NETWORKDAYS(G5,H5)*I5% -> 21 | K5: =J5-COUNTIF(V5:AY5,"L")-COUNTIF(V5:AY5,"H")-COUNTIF(V5:AY5,"HDL")/2-COUNTIF(V5:AY5,"NB") -> 21 | M5: =SUM(K5:L5) -> 21 | O5: =K5-N5 -> 21 | P5: =J5-K5 -> 0 | Q5: =COUNTIF(V5:BE5,"L")+COUNTIF(V5:BE5,"HDL")/2 -> 0 | S5: No | T5: No | U5: No
B6: F13935 | C6: Akash Badarinath | E6: akash.badarinath@fractal.ai | G6: 46143 | H6: 46173 | I6: 100 | J6: =NETWORKDAYS(G6,H6)*I6% -> 21 | K6: =J6-COUNTIF(V6:AY6,"L")-COUNTIF(V6:AY6,"H")-COUNTIF(V6:AY6,"HDL")/2-COUNTIF(V6:AY6,"NB") -> 21 | M6: =SUM(K6:L6) -> 21 | O6: =K6-N6 -> 21 | P6: =J6-K6 -> 0 | Q6: =COUNTIF(V6:BE6,"L")+COUNTIF(V6:BE6,"HDL")/2 -> 0 | S6: Yes | T6: No | U6: Yes
B7: F15418 | C7: Ankit . | E7: ankit.1@fractal.ai | G7: 46143 | H7: 46173 | I7: 100 | J7: =NETWORKDAYS(G7,H7)*I7% -> 21 | K7: =J7-COUNTIF(V7:AY7,"L")-COUNTIF(V7:AY7,"H")-COUNTIF(V7:AY7,"HDL")/2-COUNTIF(V7:AY7,"NB") -> 21 | M7: =SUM(K7:L7) -> 21 | O7: =K7-N7 -> 21 | P7: =J7-K7 -> 0 | Q7: =COUNTIF(V7:BE7,"L")+COUNTIF(V7:BE7,"HDL")/2 -> 0 | S7: No | T7: No | U7: No
B8: F15194 | C8: Ankit Khandelwal | E8: ankit.khandelwal@fractal.ai | G8: 46143 | H8: 46173 | I8: 100 | J8: =NETWORKDAYS(G8,H8)*I8% -> 21 | K8: =J8-COUNTIF(V8:AY8,"L")-COUNTIF(V8:AY8,"H")-COUNTIF(V8:AY8,"HDL")/2-COUNTIF(V8:AY8,"NB") -> 20 | M8: =SUM(K8:L8) -> 20 | O8: =K8-N8 -> 20 | P8: =J8-K8 -> 1 | Q8: =COUNTIF(V8:BE8,"L")+COUNTIF(V8:BE8,"HDL")/2 -> 0 | S8: Yes | T8: No | U8: No | V8: H
B9: F16266 | C9: Anupam Kumar Tiwari | E9: anupam.tiwari@fractal.ai | G9: 46143 | H9: 46173 | I9: 100 | J9: =NETWORKDAYS(G9,H9)*I9% -> 21 | K9: =J9-COUNTIF(V9:AY9,"L")-COUNTIF(V9:AY9,"H")-COUNTIF(V9:AY9,"HDL")/2-COUNTIF(V9:AY9,"NB") -> 21 | M9: =SUM(K9:L9) -> 21 | O9: =K9-N9 -> 21 | P9: =J9-K9 -> 0 | Q9: =COUNTIF(V9:BE9,"L")+COUNTIF(V9:BE9,"HDL")/2 -> 0 | S9: No | T9: No | U9: No
B10: F17311 | C10: Arbaz Ur Rehman Khan | E10: arbazur.khan@fractal.ai | G10: 46143 | H10: 46173 | I10: 100 | J10: =NETWORKDAYS(G10,H10)*I10% -> 21 | K10: =J10-COUNTIF(V10:AY10,"L")-COUNTIF(V10:AY10,"H")-COUNTIF(V10:AY10,"HDL")/2-COUNTIF(V10:AY10,"NB") -> 19 | M10: =SUM(K10:L10) -> 19 | O10: =K10-N10 -> 19 | P10: =J10-K10 -> 2 | Q10: =COUNTIF(V10:BE10,"L")+COUNTIF(V10:BE10,"HDL")/2 -> 2 | S10: Yes | T10: No | U10: Yes | AW10: L | AX10: L
B11: F15984 | C11: Arindom Goswami | E11: arindom.goswami@fractal.ai | G11: 46143 | H11: 46173 | I11: 100 | J11: =NETWORKDAYS(G11,H11)*I11% -> 21 | K11: =J11-COUNTIF(V11:AY11,"L")-COUNTIF(V11:AY11,"H")-COUNTIF(V11:AY11,"HDL")/2-COUNTIF(V11:AY11,"NB") -> 20 | M11: =SUM(K11:L11) -> 20 | O11: =K11-N11 -> 20 | P11: =J11-K11 -> 1 | Q11: =COUNTIF(V11:BE11,"L")+COUNTIF(V11:BE11,"HDL")/2 -> 0 | S11: Yes | T11: No | U11: Yes | V11: H
B12: F07920 | C12: Arjit Sharma | E12: arjit.sharma@fractal.ai | G12: 46143 | H12: 46173 | I12: 100 | J12: =NETWORKDAYS(G12,H12)*I12% -> 21 | K12: =J12-COUNTIF(V12:AY12,"L")-COUNTIF(V12:AY12,"H")-COUNTIF(V12:AY12,"HDL")/2-COUNTIF(V12:AY12,"NB") -> 21 | M12: =SUM(K12:L12) -> 21 | O12: =K12-N12 -> 21 | P12: =J12-K12 -> 0 | Q12: =COUNTIF(V12:BE12,"L")+COUNTIF(V12:BE12,"HDL")/2 -> 0 | S12: No | T12: No | U12: No
B13: F08462 | C13: Ashokkumar Subramani | E13: ashokkumar.subramani@fractal.ai | G13: 46143 | H13: 46173 | I13: 100 | J13: =NETWORKDAYS(G13,H13)*I13% -> 21 | K13: =J13-COUNTIF(V13:AY13,"L")-COUNTIF(V13:AY13,"H")-COUNTIF(V13:AY13,"HDL")/2-COUNTIF(V13:AY13,"NB") -> 21 | M13: =SUM(K13:L13) -> 21 | O13: =K13-N13 -> 21 | P13: =J13-K13 -> 0 | Q13: =COUNTIF(V13:BE13,"L")+COUNTIF(V13:BE13,"HDL")/2 -> 0 | S13: No | T13: No | U13: No
B14: F07471 | C14: Avinash . | E14: avinash.1@fractal.ai | G14: 46143 | H14: 46173 | I14: 100 | J14: =NETWORKDAYS(G14,H14)*I14% -> 21 | K14: =J14-COUNTIF(V14:AY14,"L")-COUNTIF(V14:AY14,"H")-COUNTIF(V14:AY14,"HDL")/2-COUNTIF(V14:AY14,"NB") -> 19 | M14: =SUM(K14:L14) -> 19 | O14: =K14-N14 -> 19 | P14: =J14-K14 -> 2 | Q14: =COUNTIF(V14:BE14,"L")+COUNTIF(V14:BE14,"HDL")/2 -> 1 | S14: No | T14: No | U14: No | V14: H | AJ14: L
B15: F17726 | C15: Bhanu Priya | E15: bhanu.priya2@fractal.ai | G15: 46143 | H15: 46173 | I15: 100 | J15: =NETWORKDAYS(G15,H15)*I15% -> 21 | K15: =J15-COUNTIF(V15:AY15,"L")-COUNTIF(V15:AY15,"H")-COUNTIF(V15:AY15,"HDL")/2-COUNTIF(V15:AY15,"NB") -> 20 | M15: =SUM(K15:L15) -> 20 | O15: =K15-N15 -> 20 | P15: =J15-K15 -> 1 | Q15: =COUNTIF(V15:BE15,"L")+COUNTIF(V15:BE15,"HDL")/2 -> 0 | S15: Yes | T15: No | U15: No | V15: H
B16: F05022 | C16: Chaitanya Deepak | E16: chaitanya.deepak@fractal.ai | G16: 46143 | H16: 46173 | I16: 100 | J16: =NETWORKDAYS(G16,H16)*I16% -> 21 | K16: =J16-COUNTIF(V16:AY16,"L")-COUNTIF(V16:AY16,"H")-COUNTIF(V16:AY16,"HDL")/2-COUNTIF(V16:AY16,"NB") -> 21 | M16: =SUM(K16:L16) -> 21 | O16: =K16-N16 -> 21 | P16: =J16-K16 -> 0 | Q16: =COUNTIF(V16:BE16,"L")+COUNTIF(V16:BE16,"HDL")/2 -> 0 | S16: Yes | T16: No | U16: No
B17: F14094 | C17: Gokul Vasanth Susindran | E17: gokul.susindran@fractal.ai | G17: 46143 | H17: 46173 | I17: 100 | J17: =NETWORKDAYS(G17,H17)*I17% -> 21 | K17: =J17-COUNTIF(V17:AY17,"L")-COUNTIF(V17:AY17,"H")-COUNTIF(V17:AY17,"HDL")/2-COUNTIF(V17:AY17,"NB") -> 21 | M17: =SUM(K17:L17) -> 21 | O17: =K17-N17 -> 21 | P17: =J17-K17 -> 0 | Q17: =COUNTIF(V17:BE17,"L")+COUNTIF(V17:BE17,"HDL")/2 -> 0 | S17: No | T17: No | U17: No
B18: F09402 | C18: Gowtham G | E18: gowtham.g@fractal.ai | G18: 46143 | H18: 46173 | I18: 100 | J18: =NETWORKDAYS(G18,H18)*I18% -> 21 | K18: =J18-COUNTIF(V18:AY18,"L")-COUNTIF(V18:AY18,"H")-COUNTIF(V18:AY18,"HDL")/2-COUNTIF(V18:AY18,"NB") -> 21 | M18: =SUM(K18:L18) -> 21 | O18: =K18-N18 -> 21 | P18: =J18-K18 -> 0 | Q18: =COUNTIF(V18:BE18,"L")+COUNTIF(V18:BE18,"HDL")/2 -> 0 | S18: No | T18: No | U18: No
B19: F08055 | C19: K Deepak | E19: k.deepak@fractal.ai | G19: 46143 | H19: 46173 | I19: 100 | J19: =NETWORKDAYS(G19,H19)*I19% -> 21 | K19: =J19-COUNTIF(V19:AY19,"L")-COUNTIF(V19:AY19,"H")-COUNTIF(V19:AY19,"HDL")/2-COUNTIF(V19:AY19,"NB") -> 17 | M19: =SUM(K19:L19) -> 17 | O19: =K19-N19 -> 17 | P19: =J19-K19 -> 4 | Q19: =COUNTIF(V19:BE19,"L")+COUNTIF(V19:BE19,"HDL")/2 -> 4 | S19: Yes | T19: No | U19: Yes | Y19: L | AO19: L | AP19: L | AQ19: L
B20: F13133 | C20: Kartikey Rai | E20: kartikey.rai@fractal.ai | G20: 46143 | H20: 46173 | I20: 100 | J20: =NETWORKDAYS(G20,H20)*I20% -> 21 | K20: =J20-COUNTIF(V20:AY20,"L")-COUNTIF(V20:AY20,"H")-COUNTIF(V20:AY20,"HDL")/2-COUNTIF(V20:AY20,"NB") -> 21 | M20: =SUM(K20:L20) -> 21 | O20: =K20-N20 -> 21 | P20: =J20-K20 -> 0 | Q20: =COUNTIF(V20:BE20,"L")+COUNTIF(V20:BE20,"HDL")/2 -> 0 | S20: No | T20: No | U20: No
B21: F15951 | C21: Kesani Srichandana | E21: kesani.srichandana@fractal.ai | G21: 46143 | H21: 46173 | I21: 100 | J21: =NETWORKDAYS(G21,H21)*I21% -> 21 | K21: =J21-COUNTIF(V21:AY21,"L")-COUNTIF(V21:AY21,"H")-COUNTIF(V21:AY21,"HDL")/2-COUNTIF(V21:AY21,"NB") -> 20 | M21: =SUM(K21:L21) -> 20 | O21: =K21-N21 -> 20 | P21: =J21-K21 -> 1 | Q21: =COUNTIF(V21:BE21,"L")+COUNTIF(V21:BE21,"HDL")/2 -> 1 | S21: Yes | T21: No | U21: No | Y21: L
B22: F16291 | C22: Khasim Pannegatla | E22: khasim.pannegatla@fractal.ai | G22: 46143 | H22: 46173 | I22: 100 | J22: =NETWORKDAYS(G22,H22)*I22% -> 21 | K22: =J22-COUNTIF(V22:AY22,"L")-COUNTIF(V22:AY22,"H")-COUNTIF(V22:AY22,"HDL")/2-COUNTIF(V22:AY22,"NB") -> 20 | M22: =SUM(K22:L22) -> 20 | O22: =K22-N22 -> 20 | P22: =J22-K22 -> 1 | Q22: =COUNTIF(V22:BE22,"L")+COUNTIF(V22:BE22,"HDL")/2 -> 1 | S22: Yes | T22: No | U22: Yes | AA22: L
B23: F16247 | C23: Kiran Mai P | E23: kiran.p@fractal.ai | G23: 46143 | H23: 46173 | I23: 100 | J23: =NETWORKDAYS(G23,H23)*I23% -> 21 | K23: =J23-COUNTIF(V23:AY23,"L")-COUNTIF(V23:AY23,"H")-COUNTIF(V23:AY23,"HDL")/2-COUNTIF(V23:AY23,"NB") -> 21 | M23: =SUM(K23:L23) -> 21 | O23: =K23-N23 -> 21 | P23: =J23-K23 -> 0 | Q23: =COUNTIF(V23:BE23,"L")+COUNTIF(V23:BE23,"HDL")/2 -> 0 | S23: No | T23: No | U23: No
B24: F12415 | C24: Kunal Kumar | E24: kunal.kumar@fractal.ai | G24: 46143 | H24: 46173 | I24: 100 | J24: =NETWORKDAYS(G24,H24)*I24% -> 21 | K24: =J24-COUNTIF(V24:AY24,"L")-COUNTIF(V24:AY24,"H")-COUNTIF(V24:AY24,"HDL")/2-COUNTIF(V24:AY24,"NB") -> 21 | M24: =SUM(K24:L24) -> 21 | O24: =K24-N24 -> 21 | P24: =J24-K24 -> 0 | Q24: =COUNTIF(V24:BE24,"L")+COUNTIF(V24:BE24,"HDL")/2 -> 0 | S24: No | T24: No | U24: No
B25: F12766 | C25: Madhavi Latha Kotturu | E25: madhavilatha.kotturu@fractal.ai | G25: 46143 | H25: 46173 | I25: 100 | J25: =NETWORKDAYS(G25,H25)*I25% -> 21 | K25: =J25-COUNTIF(V25:AY25,"L")-COUNTIF(V25:AY25,"H")-COUNTIF(V25:AY25,"HDL")/2-COUNTIF(V25:AY25,"NB") -> 21 | M25: =SUM(K25:L25) -> 21 | O25: =K25-N25 -> 21 | P25: =J25-K25 -> 0 | Q25: =COUNTIF(V25:BE25,"L")+COUNTIF(V25:BE25,"HDL")/2 -> 0 | S25: No | T25: No | U25: No
B26: F06490 | C26: Mahamad Asif | E26: mahamad.asif@fractal.ai | G26: 46143 | H26: 46173 | I26: 100 | J26: =NETWORKDAYS(G26,H26)*I26% -> 21 | K26: =J26-COUNTIF(V26:AY26,"L")-COUNTIF(V26:AY26,"H")-COUNTIF(V26:AY26,"HDL")/2-COUNTIF(V26:AY26,"NB") -> 21 | M26: =SUM(K26:L26) -> 21 | O26: =K26-N26 -> 21 | P26: =J26-K26 -> 0 | Q26: =COUNTIF(V26:BE26,"L")+COUNTIF(V26:BE26,"HDL")/2 -> 0 | S26: No | T26: No | U26: No
B27: F14195 | C27: Manish Khare | E27: manish.khare@fractal.ai | G27: 46143 | H27: 46173 | I27: 100 | J27: =NETWORKDAYS(G27,H27)*I27% -> 21 | K27: =J27-COUNTIF(V27:AY27,"L")-COUNTIF(V27:AY27,"H")-COUNTIF(V27:AY27,"HDL")/2-COUNTIF(V27:AY27,"NB") -> 21 | M27: =SUM(K27:L27) -> 21 | O27: =K27-N27 -> 21 | P27: =J27-K27 -> 0 | Q27: =COUNTIF(V27:BE27,"L")+COUNTIF(V27:BE27,"HDL")/2 -> 0 | S27: No | T27: No | U27: No
B28: F16444 | C28: Manish Rajesh Sharma | E28: manish.sharma@fractal.ai | G28: 46143 | H28: 46173 | I28: 100 | J28: =NETWORKDAYS(G28,H28)*I28% -> 21 | K28: =J28-COUNTIF(V28:AY28,"L")-COUNTIF(V28:AY28,"H")-COUNTIF(V28:AY28,"HDL")/2-COUNTIF(V28:AY28,"NB") -> 21 | M28: =SUM(K28:L28) -> 21 | O28: =K28-N28 -> 21 | P28: =J28-K28 -> 0 | Q28: =COUNTIF(V28:BE28,"L")+COUNTIF(V28:BE28,"HDL")/2 -> 0 | S28: No | T28: No | U28: No
B29: F13899 | C29: Muhammed Suhail E K | E29: muhammed.suhail@fractal.ai | G29: 46143 | H29: 46173 | I29: 100 | J29: =NETWORKDAYS(G29,H29)*I29% -> 21 | K29: =J29-COUNTIF(V29:AY29,"L")-COUNTIF(V29:AY29,"H")-COUNTIF(V29:AY29,"HDL")/2-COUNTIF(V29:AY29,"NB") -> 21 | M29: =SUM(K29:L29) -> 21 | O29: =K29-N29 -> 21 | P29: =J29-K29 -> 0 | Q29: =COUNTIF(V29:BE29,"L")+COUNTIF(V29:BE29,"HDL")/2 -> 0 | S29: No | T29: No | U29: No
B30: F13753 | C30: Nagarjun K | E30: nagarjun.k@fractal.ai | G30: 46143 | H30: 46173 | I30: 100 | J30: =NETWORKDAYS(G30,H30)*I30% -> 21 | K30: =J30-COUNTIF(V30:AY30,"L")-COUNTIF(V30:AY30,"H")-COUNTIF(V30:AY30,"HDL")/2-COUNTIF(V30:AY30,"NB") -> 21 | M30: =SUM(K30:L30) -> 21 | O30: =K30-N30 -> 21 | P30: =J30-K30 -> 0 | Q30: =COUNTIF(V30:BE30,"L")+COUNTIF(V30:BE30,"HDL")/2 -> 0 | S30: No | T30: No | U30: No
B31: F14646 | C31: Nihar Bastia | E31: nihar.bastia@fractal.ai | G31: 46143 | H31: 46173 | I31: 100 | J31: =NETWORKDAYS(G31,H31)*I31% -> 21 | K31: =J31-COUNTIF(V31:AY31,"L")-COUNTIF(V31:AY31,"H")-COUNTIF(V31:AY31,"HDL")/2-COUNTIF(V31:AY31,"NB") -> 21 | M31: =SUM(K31:L31) -> 21 | O31: =K31-N31 -> 21 | P31: =J31-K31 -> 0 | Q31: =COUNTIF(V31:BE31,"L")+COUNTIF(V31:BE31,"HDL")/2 -> 0 | S31: No | T31: No | U31: No
B32: F11421 | C32: Pavan Kumar Reddy Tondapu | E32: pavankumarreddy.tondapu@fractal.ai | G32: 46143 | H32: 46173 | I32: 100 | J32: =NETWORKDAYS(G32,H32)*I32% -> 21 | K32: =J32-COUNTIF(V32:AY32,"L")-COUNTIF(V32:AY32,"H")-COUNTIF(V32:AY32,"HDL")/2-COUNTIF(V32:AY32,"NB") -> 21 | M32: =SUM(K32:L32) -> 21 | O32: =K32-N32 -> 21 | P32: =J32-K32 -> 0 | Q32: =COUNTIF(V32:BE32,"L")+COUNTIF(V32:BE32,"HDL")/2 -> 0 | S32: Yes | T32: No | U32: Yes
B33: F09792 | C33: Pinninti Ravindra | E33: pinninti.ravindra@fractal.ai | G33: 46143 | H33: 46173 | I33: 100 | J33: =NETWORKDAYS(G33,H33)*I33% -> 21 | K33: =J33-COUNTIF(V33:AY33,"L")-COUNTIF(V33:AY33,"H")-COUNTIF(V33:AY33,"HDL")/2-COUNTIF(V33:AY33,"NB") -> 21 | M33: =SUM(K33:L33) -> 21 | O33: =K33-N33 -> 21 | P33: =J33-K33 -> 0 | Q33: =COUNTIF(V33:BE33,"L")+COUNTIF(V33:BE33,"HDL")/2 -> 0 | S33: No | T33: No | U33: No
B34: F15834 | C34: Prajwal Athrey | E34: prajwal.athrey@fractal.ai | G34: 46143 | H34: 46173 | I34: 100 | J34: =NETWORKDAYS(G34,H34)*I34% -> 21 | K34: =J34-COUNTIF(V34:AY34,"L")-COUNTIF(V34:AY34,"H")-COUNTIF(V34:AY34,"HDL")/2-COUNTIF(V34:AY34,"NB") -> 21 | M34: =SUM(K34:L34) -> 21 | O34: =K34-N34 -> 21 | P34: =J34-K34 -> 0 | Q34: =COUNTIF(V34:BE34,"L")+COUNTIF(V34:BE34,"HDL")/2 -> 0 | S34: No | T34: No | U34: No
B35: F14085 | C35: Prakash Solanki | E35: prakash.solanki@fractal.ai | G35: 46143 | H35: 46173 | I35: 100 | J35: =NETWORKDAYS(G35,H35)*I35% -> 21 | K35: =J35-COUNTIF(V35:AY35,"L")-COUNTIF(V35:AY35,"H")-COUNTIF(V35:AY35,"HDL")/2-COUNTIF(V35:AY35,"NB") -> 20 | M35: =SUM(K35:L35) -> 20 | O35: =K35-N35 -> 20 | P35: =J35-K35 -> 1 | Q35: =COUNTIF(V35:BE35,"L")+COUNTIF(V35:BE35,"HDL")/2 -> 0 | S35: No | T35: No | U35: No | V35: H
B36: F14985 | C36: Pranshul Gupta | E36: pranshul.gupta@fractal.ai | G36: 46143 | H36: 46173 | I36: 100 | J36: =NETWORKDAYS(G36,H36)*I36% -> 21 | K36: =J36-COUNTIF(V36:AY36,"L")-COUNTIF(V36:AY36,"H")-COUNTIF(V36:AY36,"HDL")/2-COUNTIF(V36:AY36,"NB") -> 21 | M36: =SUM(K36:L36) -> 21 | O36: =K36-N36 -> 21 | P36: =J36-K36 -> 0 | Q36: =COUNTIF(V36:BE36,"L")+COUNTIF(V36:BE36,"HDL")/2 -> 0 | S36: No | T36: No | U36: No
B37: F16097 | C37: Prasad Vinayagam Naidu | E37: prasad.naidu@fractal.ai | G37: 46143 | H37: 46173 | I37: 100 | J37: =NETWORKDAYS(G37,H37)*I37% -> 21 | K37: =J37-COUNTIF(V37:AY37,"L")-COUNTIF(V37:AY37,"H")-COUNTIF(V37:AY37,"HDL")/2-COUNTIF(V37:AY37,"NB") -> 21 | M37: =SUM(K37:L37) -> 21 | O37: =K37-N37 -> 21 | P37: =J37-K37 -> 0 | Q37: =COUNTIF(V37:BE37,"L")+COUNTIF(V37:BE37,"HDL")/2 -> 0 | S37: No | T37: No | U37: No
B38: F17300 | C38: Preet Kanwar Singh | E38: preet.singh@fractal.ai | G38: 46143 | H38: 46173 | I38: 100 | J38: =NETWORKDAYS(G38,H38)*I38% -> 21 | K38: =J38-COUNTIF(V38:AY38,"L")-COUNTIF(V38:AY38,"H")-COUNTIF(V38:AY38,"HDL")/2-COUNTIF(V38:AY38,"NB") -> 21 | M38: =SUM(K38:L38) -> 21 | O38: =K38-N38 -> 21 | P38: =J38-K38 -> 0 | Q38: =COUNTIF(V38:BE38,"L")+COUNTIF(V38:BE38,"HDL")/2 -> 0 | S38: No | T38: No | U38: No
B39: F16361 | C39: Rajarshi Pal | E39: rajarshi.pal@fractal.ai | G39: 46143 | H39: 46173 | I39: 100 | J39: =NETWORKDAYS(G39,H39)*I39% -> 21 | K39: =J39-COUNTIF(V39:AY39,"L")-COUNTIF(V39:AY39,"H")-COUNTIF(V39:AY39,"HDL")/2-COUNTIF(V39:AY39,"NB") -> 21 | M39: =SUM(K39:L39) -> 21 | O39: =K39-N39 -> 21 | P39: =J39-K39 -> 0 | Q39: =COUNTIF(V39:BE39,"L")+COUNTIF(V39:BE39,"HDL")/2 -> 0 | S39: No | T39: No | U39: No
B40: F16719 | C40: Rajat Kumar Kar | E40: rajat.kar@fractal.ai | G40: 46143 | H40: 46173 | I40: 100 | J40: =NETWORKDAYS(G40,H40)*I40% -> 21 | K40: =J40-COUNTIF(V40:AY40,"L")-COUNTIF(V40:AY40,"H")-COUNTIF(V40:AY40,"HDL")/2-COUNTIF(V40:AY40,"NB") -> 18 | M40: =SUM(K40:L40) -> 18 | O40: =K40-N40 -> 18 | P40: =J40-K40 -> 3 | Q40: =COUNTIF(V40:BE40,"L")+COUNTIF(V40:BE40,"HDL")/2 -> 3 | S40: No | T40: No | U40: No | AB40: L | AC40: L | AF40: L
B41: F16157 | C41: Rajkiran Edunuri | E41: rajkiran.edunuri@fractal.ai | G41: 46143 | H41: 46173 | I41: 100 | J41: =NETWORKDAYS(G41,H41)*I41% -> 21 | K41: =J41-COUNTIF(V41:AY41,"L")-COUNTIF(V41:AY41,"H")-COUNTIF(V41:AY41,"HDL")/2-COUNTIF(V41:AY41,"NB") -> 20 | M41: =SUM(K41:L41) -> 20 | O41: =K41-N41 -> 20 | P41: =J41-K41 -> 1 | Q41: =COUNTIF(V41:BE41,"L")+COUNTIF(V41:BE41,"HDL")/2 -> 1 | S41: No | T41: No | U41: No | Y41: L
B42: F17359 | C42: RAMASWAMY KOMMAVARAPU | E42: ramaswamy.kommavarapu@fractal.ai | G42: 46143 | H42: 46173 | I42: 100 | J42: =NETWORKDAYS(G42,H42)*I42% -> 21 | K42: =J42-COUNTIF(V42:AY42,"L")-COUNTIF(V42:AY42,"H")-COUNTIF(V42:AY42,"HDL")/2-COUNTIF(V42:AY42,"NB") -> 21 | M42: =SUM(K42:L42) -> 21 | O42: =K42-N42 -> 21 | P42: =J42-K42 -> 0 | Q42: 5 | S42: Yes | T42: No | U42: YES
B43: F02721 | C43: Ratul Ramchandani | E43: ratul.ramchandani@fractal.ai | G43: 46143 | H43: 46173 | I43: 100 | J43: =NETWORKDAYS(G43,H43)*I43% -> 21 | K43: =J43-COUNTIF(V43:AY43,"L")-COUNTIF(V43:AY43,"H")-COUNTIF(V43:AY43,"HDL")/2-COUNTIF(V43:AY43,"NB") -> 21 | M43: =SUM(K43:L43) -> 21 | O43: =K43-N43 -> 21 | P43: =J43-K43 -> 0 | Q43: =COUNTIF(V43:BE43,"L")+COUNTIF(V43:BE43,"HDL")/2 -> 0 | S43: No | T43: No | U43: No
B44: F17534 | C44: Rishang Santhpale | E44: rishang.santhpale@fractal.ai | G44: 46143 | H44: 46173 | I44: 100 | J44: =NETWORKDAYS(G44,H44)*I44% -> 21 | K44: =J44-COUNTIF(V44:AY44,"L")-COUNTIF(V44:AY44,"H")-COUNTIF(V44:AY44,"HDL")/2-COUNTIF(V44:AY44,"NB") -> 21 | M44: =SUM(K44:L44) -> 21 | O44: =K44-N44 -> 21 | P44: =J44-K44 -> 0 | Q44: =COUNTIF(V44:BE44,"L")+COUNTIF(V44:BE44,"HDL")/2 -> 0 | S44: No | T44: No | U44: No
B45: F14333 | C45: Ritobrita De | E45: ritobrita.de@fractal.ai | G45: 46143 | H45: 46173 | I45: 100 | J45: =NETWORKDAYS(G45,H45)*I45% -> 21 | K45: =J45-COUNTIF(V45:AY45,"L")-COUNTIF(V45:AY45,"H")-COUNTIF(V45:AY45,"HDL")/2-COUNTIF(V45:AY45,"NB") -> 21 | M45: =SUM(K45:L45) -> 21 | O45: =K45-N45 -> 21 | P45: =J45-K45 -> 0 | Q45: =COUNTIF(V45:BE45,"L")+COUNTIF(V45:BE45,"HDL")/2 -> 0 | S45: No | T45: No | U45: No
B46: F09515 | C46: Roshan Raghavendra Srinivas | E46: roshan.srinivas@fractal.ai | G46: 46143 | H46: 46173 | I46: 100 | J46: =NETWORKDAYS(G46,H46)*I46% -> 21 | K46: =J46-COUNTIF(V46:AY46,"L")-COUNTIF(V46:AY46,"H")-COUNTIF(V46:AY46,"HDL")/2-COUNTIF(V46:AY46,"NB") -> 21 | M46: =SUM(K46:L46) -> 21 | O46: =K46-N46 -> 21 | P46: =J46-K46 -> 0 | Q46: =COUNTIF(V46:BE46,"L")+COUNTIF(V46:BE46,"HDL")/2 -> 0 | S46: No | T46: No | U46: No
B47: F15145 | C47: Rubini Subash | E47: rubini.subash@fractal.ai | G47: 46143 | H47: 46173 | I47: 100 | J47: =NETWORKDAYS(G47,H47)*I47% -> 21 | K47: =J47-COUNTIF(V47:AY47,"L")-COUNTIF(V47:AY47,"H")-COUNTIF(V47:AY47,"HDL")/2-COUNTIF(V47:AY47,"NB") -> 21 | M47: =SUM(K47:L47) -> 21 | O47: =K47-N47 -> 21 | P47: =J47-K47 -> 0 | Q47: =COUNTIF(V47:BE47,"L")+COUNTIF(V47:BE47,"HDL")/2 -> 0 | S47: No | T47: No | U47: No
B48: F13601 | C48: Saravanan Bs | E48: saravanan.bs@fractal.ai | G48: 46143 | H48: 46173 | I48: 100 | J48: =NETWORKDAYS(G48,H48)*I48% -> 21 | K48: =J48-COUNTIF(V48:AY48,"L")-COUNTIF(V48:AY48,"H")-COUNTIF(V48:AY48,"HDL")/2-COUNTIF(V48:AY48,"NB") -> 21 | M48: =SUM(K48:L48) -> 21 | O48: =K48-N48 -> 21 | P48: =J48-K48 -> 0 | Q48: =COUNTIF(V48:BE48,"L")+COUNTIF(V48:BE48,"HDL")/2 -> 0 | S48: No | T48: No | U48: No
B49: F08818 | C49: Satheesh Kumar Kaliappan | E49: satheesh.kumar@fractal.ai | G49: 46143 | H49: 46173 | I49: 100 | J49: =NETWORKDAYS(G49,H49)*I49% -> 21 | K49: =J49-COUNTIF(V49:AY49,"L")-COUNTIF(V49:AY49,"H")-COUNTIF(V49:AY49,"HDL")/2-COUNTIF(V49:AY49,"NB") -> 21 | M49: =SUM(K49:L49) -> 21 | O49: =K49-N49 -> 21 | P49: =J49-K49 -> 0 | Q49: =COUNTIF(V49:BE49,"L")+COUNTIF(V49:BE49,"HDL")/2 -> 0 | S49: Yes | T49: No | U49: Yes
B50: F15781 | C50: Shah Tapan | E50: shah.tapan@fractal.ai | G50: 46143 | H50: 46173 | I50: 100 | J50: =NETWORKDAYS(G50,H50)*I50% -> 21 | K50: =J50-COUNTIF(V50:AY50,"L")-COUNTIF(V50:AY50,"H")-COUNTIF(V50:AY50,"HDL")/2-COUNTIF(V50:AY50,"NB") -> 21 | M50: =SUM(K50:L50) -> 21 | O50: =K50-N50 -> 21 | P50: =J50-K50 -> 0 | Q50: =COUNTIF(V50:BE50,"L")+COUNTIF(V50:BE50,"HDL")/2 -> 0 | S50: No | T50: No | U50: No
B51: F15363 | C51: Shekhar Singh | E51: shekhar.singh@fractal.ai | G51: 46143 | H51: 46173 | I51: 100 | J51: =NETWORKDAYS(G51,H51)*I51% -> 21 | K51: =J51-COUNTIF(V51:AY51,"L")-COUNTIF(V51:AY51,"H")-COUNTIF(V51:AY51,"HDL")/2-COUNTIF(V51:AY51,"NB") -> 21 | M51: =SUM(K51:L51) -> 21 | O51: =K51-N51 -> 21 | P51: =J51-K51 -> 0 | Q51: =COUNTIF(V51:BE51,"L")+COUNTIF(V51:BE51,"HDL")/2 -> 0 | S51: No | T51: No | U51: No
B52: F16819 | C52: Shivani Kumari | E52: shivani.kumari@fractal.ai | G52: 46143 | H52: 46173 | I52: 100 | J52: =NETWORKDAYS(G52,H52)*I52% -> 21 | K52: =J52-COUNTIF(V52:AY52,"L")-COUNTIF(V52:AY52,"H")-COUNTIF(V52:AY52,"HDL")/2-COUNTIF(V52:AY52,"NB") -> 21 | M52: =SUM(K52:L52) -> 21 | O52: =K52-N52 -> 21 | P52: =J52-K52 -> 0 | Q52: =COUNTIF(V52:BE52,"L")+COUNTIF(V52:BE52,"HDL")/2 -> 0 | S52: No | T52: No | U52: No
B53: F08227 | C53: Shubham Bhaskar | E53: shubham.bhaskar@fractal.ai | G53: 46143 | H53: 46173 | I53: 100 | J53: =NETWORKDAYS(G53,H53)*I53% -> 21 | K53: =J53-COUNTIF(V53:AY53,"L")-COUNTIF(V53:AY53,"H")-COUNTIF(V53:AY53,"HDL")/2-COUNTIF(V53:AY53,"NB") -> 21 | M53: =SUM(K53:L53) -> 21 | O53: =K53-N53 -> 21 | P53: =J53-K53 -> 0 | Q53: =COUNTIF(V53:BE53,"L")+COUNTIF(V53:BE53,"HDL")/2 -> 0 | S53: No | T53: No | U53: No
B54: F11804 | C54: Shweta Dubey | E54: shweta.dubey@fractal.ai | G54: 46143 | H54: 46173 | I54: 100 | J54: =NETWORKDAYS(G54,H54)*I54% -> 21 | K54: =J54-COUNTIF(V54:AY54,"L")-COUNTIF(V54:AY54,"H")-COUNTIF(V54:AY54,"HDL")/2-COUNTIF(V54:AY54,"NB") -> 21 | M54: =SUM(K54:L54) -> 21 | O54: =K54-N54 -> 21 | P54: =J54-K54 -> 0 | Q54: =COUNTIF(V54:BE54,"L")+COUNTIF(V54:BE54,"HDL")/2 -> 0 | S54: No | T54: No | U54: No
... B56: F14313 | C56: Sujith Kumar B | E56: sujith.b@fractal.ai | G56: 46143 | H56: 46173 | I56: 100 | J56: =NETWORKDAYS(G56,H56)*I56% -> 21 | K56: =J56-COUNTIF(V56:AY56,"L")-COUNTIF(V56:AY56,"H")-COUNTIF(V56:AY56,"HDL")/2-COUNTIF(V56:AY56,"NB") -> 21 | M56: =SUM(K56:L56) -> 21 | O56: =K56-N56 -> 21 | P56: =J56-K56 -> 0 | Q56: =COUNTIF(V56:BE56,"L")+COUNTIF(V56:BE56,"HDL")/2 -> 0 | S56: No | T56: No | U56: No
B57: F16597 | C57: Susatya Sinha | E57: susatya.sinha@fractal.ai | G57: 46143 | H57: 46173 | I57: 100 | J57: =NETWORKDAYS(G57,H57)*I57% -> 21 | K57: =J57-COUNTIF(V57:AY57,"L")-COUNTIF(V57:AY57,"H")-COUNTIF(V57:AY57,"HDL")/2-COUNTIF(V57:AY57,"NB") -> 18 | M57: =SUM(K57:L57) -> 18 | O57: =K57-N57 -> 18 | P57: =J57-K57 -> 3 | Q57: =COUNTIF(V57:BE57,"L")+COUNTIF(V57:BE57,"HDL")/2 -> 2 | S57: Yes | T57: No | U57: Yes | V57: H | Y57: L | Z57: L
B58: F07286 | C58: Sushanth S | E58: sushanth.s@fractal.ai | G58: 46143 | H58: 46173 | I58: 100 | J58: =NETWORKDAYS(G58,H58)*I58% -> 21 | K58: =J58-COUNTIF(V58:AY58,"L")-COUNTIF(V58:AY58,"H")-COUNTIF(V58:AY58,"HDL")/2-COUNTIF(V58:AY58,"NB") -> 18 | M58: =SUM(K58:L58) -> 18 | O58: =K58-N58 -> 18 | P58: =J58-K58 -> 3 | Q58: =COUNTIF(V58:BE58,"L")+COUNTIF(V58:BE58,"HDL")/2 -> 2 | S58: Yes | T58: No | U58: No | V58: H | AW58: L | AX58: L
B59: F15206 | C59: Trisha Ranjan | E59: trisha.ranjan@fractal.ai | G59: 46143 | H59: 46173 | I59: 100 | J59: =NETWORKDAYS(G59,H59)*I59% -> 21 | K59: =J59-COUNTIF(V59:AY59,"L")-COUNTIF(V59:AY59,"H")-COUNTIF(V59:AY59,"HDL")/2-COUNTIF(V59:AY59,"NB") -> 21 | M59: =SUM(K59:L59) -> 21 | O59: =K59-N59 -> 21 | P59: =J59-K59 -> 0 | Q59: =COUNTIF(V59:BE59,"L")+COUNTIF(V59:BE59,"HDL")/2 -> 0 | S59: No | T59: No | U59: No
B60: F11959 | C60: Utkarsh Chaudhary | E60: utkarsh.chaudhary@fractal.ai | G60: 46143 | H60: 46173 | I60: 100 | J60: =NETWORKDAYS(G60,H60)*I60% -> 21 | K60: =J60-COUNTIF(V60:AY60,"L")-COUNTIF(V60:AY60,"H")-COUNTIF(V60:AY60,"HDL")/2-COUNTIF(V60:AY60,"NB") -> 21 | M60: =SUM(K60:L60) -> 21 | O60: =K60-N60 -> 21 | P60: =J60-K60 -> 0 | Q60: =COUNTIF(V60:BE60,"L")+COUNTIF(V60:BE60,"HDL")/2 -> 0 | S60: No | T60: No | U60: No
B61: F13312 | C61: Utkarsh Sharma | E61: utkarsh.sharma2@fractal.ai | G61: 46143 | H61: 46173 | I61: 100 | J61: =NETWORKDAYS(G61,H61)*I61% -> 21 | K61: =J61-COUNTIF(V61:AY61,"L")-COUNTIF(V61:AY61,"H")-COUNTIF(V61:AY61,"HDL")/2-COUNTIF(V61:AY61,"NB") -> 19 | M61: =SUM(K61:L61) -> 19 | O61: =K61-N61 -> 19 | P61: =J61-K61 -> 2 | Q61: =COUNTIF(V61:BE61,"L")+COUNTIF(V61:BE61,"HDL")/2 -> 2 | S61: Yes | T61: No | U61: Yes | AI61: L | AJ61: L
B62: F15410 | C62: Vaishnavee Awadhesh Gupta | E62: vaishnavee.gupta@fractal.ai | G62: 46143 | H62: 46173 | I62: 100 | J62: =NETWORKDAYS(G62,H62)*I62% -> 21 | K62: =J62-COUNTIF(V62:AY62,"L")-COUNTIF(V62:AY62,"H")-COUNTIF(V62:AY62,"HDL")/2-COUNTIF(V62:AY62,"NB") -> 21 | M62: =SUM(K62:L62) -> 21 | O62: =K62-N62 -> 21 | P62: =J62-K62 -> 0 | Q62: =COUNTIF(V62:BE62,"L")+COUNTIF(V62:BE62,"HDL")/2 -> 0 | S62: No | T62: No | U62: No
B63: F12344 | C63: Vikash Kumar | E63: vikash.kumar@fractal.ai | G63: 46143 | H63: 46173 | I63: 100 | J63: =NETWORKDAYS(G63,H63)*I63% -> 21 | K63: =J63-COUNTIF(V63:AY63,"L")-COUNTIF(V63:AY63,"H")-COUNTIF(V63:AY63,"HDL")/2-COUNTIF(V63:AY63,"NB") -> 21 | M63: =SUM(K63:L63) -> 21 | O63: =K63-N63 -> 21 | P63: =J63-K63 -> 0 | Q63: =COUNTIF(V63:BE63,"L")+COUNTIF(V63:BE63,"HDL")/2 -> 0 | S63: No | T63: No | U63: No
B64: F16600 | C64: Vaishnavi Prasad | E64: vaishnavi.prasad@fractal.ai | G64: 46143 | H64: 46173 | I64: 100 | J64: =NETWORKDAYS(G64,H64)*I64% -> 21 | K64: =J64-COUNTIF(V64:AY64,"L")-COUNTIF(V64:AY64,"H")-COUNTIF(V64:AY64,"HDL")/2-COUNTIF(V64:AY64,"NB") -> 21 | M64: =SUM(K64:L64) -> 21 | O64: =K64-N64 -> 21 | P64: =J64-K64 -> 0 | Q64: =COUNTIF(V64:BE64,"L")+COUNTIF(V64:BE64,"HDL")/2 -> 0 | S64: No | T64: No | U64: No
B65: F14490 | C65: Vanshika Jain | E65: vanshika.jain@fractal.ai | G65: 46143 | H65: 46173 | I65: 100 | J65: =NETWORKDAYS(G65,H65)*I65% -> 21 | K65: =J65-COUNTIF(V65:AY65,"L")-COUNTIF(V65:AY65,"H")-COUNTIF(V65:AY65,"HDL")/2-COUNTIF(V65:AY65,"NB") -> 21 | M65: =SUM(K65:L65) -> 21 | O65: =K65-N65 -> 21 | P65: =J65-K65 -> 0 | Q65: =COUNTIF(V65:BE65,"L")+COUNTIF(V65:BE65,"HDL")/2 -> 0 | S65: No | T65: No | U65: No
B66: F16925 | C66: Vinodhkumar Santhakumar | E66: vinodhkumar.santhakumar@fractal.ai | G66: 46143 | H66: 46173 | I66: 100 | J66: =NETWORKDAYS(G66,H66)*I66% -> 21 | K66: =J66-COUNTIF(V66:AY66,"L")-COUNTIF(V66:AY66,"H")-COUNTIF(V66:AY66,"HDL")/2-COUNTIF(V66:AY66,"NB") -> 20 | M66: =SUM(K66:L66) -> 20 | O66: =K66-N66 -> 20 | P66: =J66-K66 -> 1 | Q66: =COUNTIF(V66:BE66,"L")+COUNTIF(V66:BE66,"HDL")/2 -> 0 | S66: Yes | T66: Yes | U66: Yes | V66: H
B67: F11776 | C67: Neha Agrawal | E67: neha.agrawal@fractal.ai | G67: 46143 | H67: 46173 | I67: 100 | J67: =NETWORKDAYS(G67,H67)*I67% -> 21 | K67: =J67-COUNTIF(V67:AY67,"L")-COUNTIF(V67:AY67,"H")-COUNTIF(V67:AY67,"HDL")/2-COUNTIF(V67:AY67,"NB") -> 21 | M67: =SUM(K67:L67) -> 21 | O67: =K67-N67 -> 21 | P67: =J67-K67 -> 0 | Q67: =COUNTIF(V67:BE67,"L")+COUNTIF(V67:BE67,"HDL")/2 -> 0 | S67: No | T67: No | U67: No
B68: F12652 | C68: Seshadri Mohana Lakshmi Sahithi | E68: seshadrimohana.lakshmisahithi@fractal.ai | G68: 46143 | H68: 46173 | I68: 100 | J68: =NETWORKDAYS(G68,H68)*I68% -> 21 | K68: =J68-COUNTIF(V68:AY68,"L")-COUNTIF(V68:AY68,"H")-COUNTIF(V68:AY68,"HDL")/2-COUNTIF(V68:AY68,"NB") -> 21 | M68: =SUM(K68:L68) -> 21 | O68: =K68-N68 -> 21 | P68: =J68-K68 -> 0 | Q68: =COUNTIF(V68:BE68,"L")+COUNTIF(V68:BE68,"HDL")/2 -> 0 | S68: No | T68: No | U68: No
B69: F14503 | C69: Shivangi Khanna | E69: shivangi.khanna@fractal.ai | G69: 46143 | H69: 46173 | I69: 100 | J69: =NETWORKDAYS(G69,H69)*I69% -> 21 | K69: =J69-COUNTIF(V69:AY69,"L")-COUNTIF(V69:AY69,"H")-COUNTIF(V69:AY69,"HDL")/2-COUNTIF(V69:AY69,"NB") -> 19 | M69: =SUM(K69:L69) -> 19 | O69: =K69-N69 -> 19 | P69: =J69-K69 -> 2 | Q69: =COUNTIF(V69:BE69,"L")+COUNTIF(V69:BE69,"HDL")/2 -> 2 | S69: Yes | T69: No | U69: YES | Z69: L | AA69: L
B70: F15226 | C70: Jaiyanth RB | E70: jaiyanth.rb@fractal.ai | G70: 46143 | H70: 46173 | I70: 100 | J70: =NETWORKDAYS(G70,H70)*I70% -> 21 | K70: =J70-COUNTIF(V70:AY70,"L")-COUNTIF(V70:AY70,"H")-COUNTIF(V70:AY70,"HDL")/2-COUNTIF(V70:AY70,"NB") -> 21 | M70: =SUM(K70:L70) -> 21 | O70: =K70-N70 -> 21 | P70: =J70-K70 -> 0 | Q70: =COUNTIF(V70:BE70,"L")+COUNTIF(V70:BE70,"HDL")/2 -> 0 | S70: No | T70: No | U70: No
B71: F16221 | C71: Dijal Tom | E71: dijal.tom@fractal.ai | G71: 46143 | H71: 46173 | I71: 100 | J71: =NETWORKDAYS(G71,H71)*I71% -> 21 | K71: =J71-COUNTIF(V71:AY71,"L")-COUNTIF(V71:AY71,"H")-COUNTIF(V71:AY71,"HDL")/2-COUNTIF(V71:AY71,"NB") -> 18 | M71: =SUM(K71:L71) -> 18 | O71: =K71-N71 -> 18 | P71: =J71-K71 -> 3 | Q71: =COUNTIF(V71:BE71,"L")+COUNTIF(V71:BE71,"HDL")/2 -> 3 | S71: Yes | T71: No | U71: Yes | AA71: L | AB71: L | AC71: L
B72: F17891 | C72: Hithesh G R | E72: hithesh.r@fractal.ai | G72: 46143 | H72: 46173 | I72: 100 | J72: =NETWORKDAYS(G72,H72)*I72% -> 21 | K72: =J72-COUNTIF(V72:AY72,"L")-COUNTIF(V72:AY72,"H")-COUNTIF(V72:AY72,"HDL")/2-COUNTIF(V72:AY72,"NB") -> 21 | M72: =SUM(K72:L72) -> 21 | O72: =K72-N72 -> 21 | P72: =J72-K72 -> 0 | Q72: =COUNTIF(V72:BE72,"L")+COUNTIF(V72:BE72,"HDL")/2 -> 0 | S72: No | T72: No | U72: No
B73: F17922 | C73: Sunny . | E73: sunny.1@fractal.ai | G73: 46143 | H73: 46173 | I73: 100 | J73: =NETWORKDAYS(G73,H73)*I73% -> 21 | K73: =J73-COUNTIF(V73:AY73,"L")-COUNTIF(V73:AY73,"H")-COUNTIF(V73:AY73,"HDL")/2-COUNTIF(V73:AY73,"NB") -> 21 | M73: =SUM(K73:L73) -> 21 | O73: =K73-N73 -> 21 | P73: =J73-K73 -> 0 | Q73: =COUNTIF(V73:BE73,"L")+COUNTIF(V73:BE73,"HDL")/2 -> 0 | S73: No | T73: No | U73: No
B74: F14764 | C74: Sourav Das | E74: sourav.das@fractal.ai | G74: 46143 | H74: 46173 | I74: 101 | J74: =NETWORKDAYS(G74,H74)*I74% -> 21.21 | K74: =J74-COUNTIF(V74:AY74,"L")-COUNTIF(V74:AY74,"H")-COUNTIF(V74:AY74,"HDL")/2-COUNTIF(V74:AY74,"NB") -> 21.21 | M74: =SUM(K74:L74) -> 21.21 | O74: =K74-N74 -> 21.21 | P74: =J74-K74 -> 0 | Q74: =COUNTIF(V74:BE74,"L")+COUNTIF(V74:BE74,"HDL")/2 -> 0 | S74: No | T74: No | U74: No
B75: F16824 | C75: Abhishek Kamboj | E75: abhishek.kamboj@fractal.ai | G75: 46143 | H75: 46173 | I75: 102 | J75: =NETWORKDAYS(G75,H75)*I75% -> 21.42 | K75: =J75-COUNTIF(V75:AY75,"L")-COUNTIF(V75:AY75,"H")-COUNTIF(V75:AY75,"HDL")/2-COUNTIF(V75:AY75,"NB") -> 21.42 | M75: =SUM(K75:L75) -> 21.42 | O75: =K75-N75 -> 21.42 | P75: =J75-K75 -> 0 | Q75: =COUNTIF(V75:BE75,"L")+COUNTIF(V75:BE75,"HDL")/2 -> 0 | S75: No | T75: No | U75: No
B76: F15089 | C76: Amal K | E76: amal.k@fractal.ai | G76: 46143 | H76: 46173 | I76: 100 | J76: =NETWORKDAYS(G76,H76)*I76% -> 21 | K76: =J76-COUNTIF(V76:AZ76,"L")-COUNTIF(V76:AZ76,"H")-COUNTIF(V76:AZ76,"HDL")/2-COUNTIF(V76:AZ76,"NB") -> 21 | M76: =SUM(K76:L76) -> 21 | O76: =K76-N76 -> 21 | P76: =J76-K76 -> 0 | Q76: =COUNTIF(V76:BE76,"L")+COUNTIF(V76:BE76,"HDL")/2 -> 0 | S76: No | T76: No | U76: No
B77: F14242 | C77: Rajiv Kumar | E77: rajiv.kumar@fractal.ai | G77: 46143 | H77: 46173 | I77: 100 | J77: =NETWORKDAYS(G77,H77)*I77% -> 21 | K77: =J77-COUNTIF(V77:AZ77,"L")-COUNTIF(V77:AZ77,"H")-COUNTIF(V77:AZ77,"HDL")/2-COUNTIF(V77:AZ77,"NB") -> 21 | M77: =SUM(K77:L77) -> 21 | O77: =K77-N77 -> 21 | P77: =J77-K77 -> 0 | Q77: =COUNTIF(V77:BE77,"L")+COUNTIF(V77:BE77,"HDL")/2 -> 0 | S77: No | T77: No | U77: No
B78: F16906 | C78: Adarsh Kumar Singh | E78: adarsh.singh@fractal.ai | G78: 46143 | H78: 46173 | I78: 100 | J78: =NETWORKDAYS(G78,H78)*I78% -> 21 | K78: =J78-COUNTIF(V78:AZ78,"L")-COUNTIF(V78:AZ78,"H")-COUNTIF(V78:AZ78,"HDL")/2-COUNTIF(V78:AZ78,"NB") -> 21 | M78: =SUM(K78:L78) -> 21 | O78: =K78-N78 -> 21 | P78: =J78-K78 -> 0 | Q78: =COUNTIF(V78:BE78,"L")+COUNTIF(V78:BE78,"HDL")/2 -> 0 | S78: No | T78: No | U78: No
B79: F17997 | C79: Sasidharan N | E79: sasidharan.n@fractal.ai | G79: 46143 | H79: 46173 | I79: 100 | J79: =NETWORKDAYS(G79,H79)*I79% -> 21 | K79: =J79-COUNTIF(V79:AZ79,"L")-COUNTIF(V79:AZ79,"H")-COUNTIF(V79:AZ79,"HDL")/2-COUNTIF(V79:AZ79,"NB") -> 18 | M79: =SUM(K79:L79) -> 18 | O79: =K79-N79 -> 18 | P79: =J79-K79 -> 3 | Q79: =COUNTIF(V79:BE79,"L")+COUNTIF(V79:BE79,"HDL")/2 -> 2 | S79: No | T79: No | U79: No | V79: H | AC79: L | AI79: L
B80: F18014 | C80: Chinmaya Mishra | E80: chinmaya.mishra@fractal.ai | G80: 46143 | H80: 46173 | I80: 100 | J80: =NETWORKDAYS(G80,H80)*I80% -> 21 | K80: =J80-COUNTIF(V80:AZ80,"L")-COUNTIF(V80:AZ80,"H")-COUNTIF(V80:AZ80,"HDL")/2-COUNTIF(V80:AZ80,"NB") -> 21 | M80: =SUM(K80:L80) -> 21 | O80: =K80-N80 -> 21 | P80: =J80-K80 -> 0 | Q80: =COUNTIF(V80:BE80,"L")+COUNTIF(V80:BE80,"HDL")/2 -> 0 | S80: No | T80: No | U80: No
B81: F18031 | C81: Daniel Pradeep Palina | E81: daniel.palina@fractal.ai | G81: 46143 | H81: 46173 | I81: 100 | J81: =NETWORKDAYS(G81,H81)*I81% -> 21 | K81: =J81-COUNTIF(V81:AZ81,"L")-COUNTIF(V81:AZ81,"H")-COUNTIF(V81:AZ81,"HDL")/2-COUNTIF(V81:AZ81,"NB") -> 21 | M81: =SUM(K81:L81) -> 21 | O81: =K81-N81 -> 21 | P81: =J81-K81 -> 0 | Q81: =COUNTIF(V81:BE81,"L")+COUNTIF(V81:BE81,"HDL")/2 -> 0 | S81: No | T81: No | U81: No
B82: F18073 | C82: Ruchita Mahato | E82: ruchita.mahato@fractal.ai | G82: 46143 | H82: 46173 | I82: 100 | J82: =NETWORKDAYS(G82,H82)*I82% -> 21 | K82: =J82-COUNTIF(V82:AZ82,"L")-COUNTIF(V82:AZ82,"H")-COUNTIF(V82:AZ82,"HDL")/2-COUNTIF(V82:AZ82,"NB") -> 21 | M82: =SUM(K82:L82) -> 21 | O82: =K82-N82 -> 21 | P82: =J82-K82 -> 0 | Q82: =COUNTIF(V82:BE82,"L")+COUNTIF(V82:BE82,"HDL")/2 -> 0 | S82: Yes | T82: No | U82: No
J83: =SUM(J2:J82) -> 1701.63 | K83: =SUM(K2:K82) -> 1660.63 | L83: =SUM(L2:L73) -> 0 | M83: =SUM(M2:M82) -> 1660.63 | N83: =SUM(N2:N73) -> 0 | O83: =SUM(O2:O82) -> 1660.63 | P83: =SUM(P2:P82) -> 41 | Q83: =SUM(Q2:Q82) -> 36
Q84: =Q83/M83 -> 0.02167852
W104: 2

Sheet Jun 26
E1: To be filled by Ops PMOs only | R1: ---To be filled by Employees---
B2: 1=Working Day | G2: <------------------------------------------------------------Not to edited or changed by indiviudals---------------------------------------------------------> | R2: Reason for Non-Billing/Comments | S2: Emp to mark 'Yes' when updated this tracker | T2: Emp to mark 'Yes' when updated the Client timesheet as per this sheet | U2: Emp to mark 'Yes' when updated the Workday as per this sheet | V2: =TEXT(V3,"DDD") -> Mon | W2: =TEXT(W3,"DDD") -> Tue | X2: =TEXT(X3,"DDD") -> Wed | Y2: =TEXT(Y3,"DDD") -> Thu | Z2: =TEXT(Z3,"DDD") -> Fri | AA2: =TEXT(AA3,"DDD") -> Sat | AB2: =TEXT(AB3,"DDD") -> Sun | AC2: =TEXT(AC3,"DDD") -> Mon | ... AY2: =TEXT(AY3,"DDD") -> Tue
B3: Emp Id | C3: Emp Name | D3: Emp Client ID | E3: Fractal Email ID | F3: Client email ID | G3: Allocation Start Date | H3: Allocation End Date | I3: Alloc % | J3: Allocated Days | K3: Billed Days for current month | L3: Adj for past month | M3: Revenue cnf days | N3: Timesheet days | O3: Diff | P3: Unbilled Days | Q3: Total Leave Days | V3: 46174 | W3: 46175 | X3: 46176 | Y3: 46177 | Z3: 46178 | AA3: 46179 | AB3: 46180 | AC3: 46181 | AD3: 46182 | AE3: 46183 | AF3: 46184 | AG3: 46185 | AH3: 46186 | AI3: 46187 | AJ3: 46188 | AK3: 46189 | AL3: 46190 | AM3: 46191 | AN3: 46192 | AO3: 46193 | AP3: 46194 | AQ3: 46195 | AR3: 46196 | AS3: 46197 | AT3: 46198 | AU3: 46199 | AV3: 46200 | AW3: 46201 | AX3: 46202 | AY3: 46203
B4: 1 | C4: =D4+1 -> 3 | D4: =B4+1 -> 2 | E4: 4 | F4: =E4+1 -> 5 | G4: =F4+1 -> 6 | H4: =G4+1 -> 7 | I4: =H4+1 -> 8 | J4: =I4+1 -> 9 | K4: =J4+1 -> 10 | L4: =K4+1 -> 11 | M4: =L4+1 -> 12 | ... P4: =O4+1 -> 15 | R4: =P4+1 -> 16 | S4: =R4+1 -> 17 | T4: =S4+1 -> 18 | U4: =T4+1 -> 19 | V4: =U4+1 -> 20 | W4: =V4+1 -> 21 | X4: =W4+1 -> 22 | Y4: =X4+1 -> 23 | Z4: =Y4+1 -> 24 | ... AY4: =AX4+1 -> 49
B5: F10572 | C5: Aakash Arora | E5: aakash.arora@fractal.ai | G5: 46174 | H5: 46203 | I5: 100 | J5: =NETWORKDAYS(G5,H5)*I5% -> 22 | K5: =J5-COUNTIF(V5:AY5,"L")-COUNTIF(V5:AY5,"H")-COUNTIF(V5:AY5,"HDL")/2-COUNTIF(V5:AY5,"NB") -> 22 | M5: =SUM(K5:L5) -> 22 | O5: =K5-N5 -> 22 | P5: =J5-K5 -> 0 | Q5: =COUNTIF(V5:BD5,"L")+COUNTIF(V5:BD5,"HDL")/2 -> 0 | S5: Yes | T5: No | U5: No
B6: F12020 | C6: Aashish Kaushik | E6: aashish.kaushik@fractal.ai | G6: 46174 | H6: 46203 | I6: 100 | J6: =NETWORKDAYS(G6,H6)*I6% -> 22 | K6: =J6-COUNTIF(V6:AY6,"L")-COUNTIF(V6:AY6,"H")-COUNTIF(V6:AY6,"HDL")/2-COUNTIF(V6:AY6,"NB") -> 22 | M6: =SUM(K6:L6) -> 22 | O6: =K6-N6 -> 22 | P6: =J6-K6 -> 0 | Q6: =COUNTIF(V6:BD6,"L")+COUNTIF(V6:BD6,"HDL")/2 -> 0 | S6: No | T6: No | U6: No
B7: F16244 | C7: Abhishek Kumar | E7: abhishek.kumar7@fractal.ai | G7: 46174 | H7: 46203 | I7: 100 | J7: =NETWORKDAYS(G7,H7)*I7% -> 22 | K7: =J7-COUNTIF(V7:AY7,"L")-COUNTIF(V7:AY7,"H")-COUNTIF(V7:AY7,"HDL")/2-COUNTIF(V7:AY7,"NB") -> 22 | M7: =SUM(K7:L7) -> 22 | O7: =K7-N7 -> 22 | P7: =J7-K7 -> 0 | Q7: =COUNTIF(V7:BD7,"L")+COUNTIF(V7:BD7,"HDL")/2 -> 0 | S7: No | T7: No | U7: No
B8: F17557 | C8: Adithya Udupa | E8: adithya.udupa@fractal.ai | G8: 46174 | H8: 46203 | I8: 100 | J8: =NETWORKDAYS(G8,H8)*I8% -> 22 | K8: =J8-COUNTIF(V8:AY8,"L")-COUNTIF(V8:AY8,"H")-COUNTIF(V8:AY8,"HDL")/2-COUNTIF(V8:AY8,"NB") -> 22 | M8: =SUM(K8:L8) -> 22 | O8: =K8-N8 -> 22 | P8: =J8-K8 -> 0 | Q8: =COUNTIF(V8:BD8,"L")+COUNTIF(V8:BD8,"HDL")/2 -> 0 | S8: No | T8: No | U8: No
B9: F13935 | C9: Akash Badarinath | E9: akash.badarinath@fractal.ai | G9: 46174 | H9: 46203 | I9: 100 | J9: =NETWORKDAYS(G9,H9)*I9% -> 22 | K9: =J9-COUNTIF(V9:AY9,"L")-COUNTIF(V9:AY9,"H")-COUNTIF(V9:AY9,"HDL")/2-COUNTIF(V9:AY9,"NB") -> 22 | M9: =SUM(K9:L9) -> 22 | O9: =K9-N9 -> 22 | P9: =J9-K9 -> 0 | Q9: =COUNTIF(V9:BD9,"L")+COUNTIF(V9:BD9,"HDL")/2 -> 0 | S9: No | T9: No | U9: No
B10: F15418 | C10: Ankit . | E10: ankit.1@fractal.ai | G10: 46174 | H10: 46203 | I10: 100 | J10: =NETWORKDAYS(G10,H10)*I10% -> 22 | K10: =J10-COUNTIF(V10:AY10,"L")-COUNTIF(V10:AY10,"H")-COUNTIF(V10:AY10,"HDL")/2-COUNTIF(V10:AY10,"NB") -> 22 | M10: =SUM(K10:L10) -> 22 | O10: =K10-N10 -> 22 | P10: =J10-K10 -> 0 | Q10: =COUNTIF(V10:BD10,"L")+COUNTIF(V10:BD10,"HDL")/2 -> 0 | S10: No | T10: No | U10: No
B11: F15194 | C11: Ankit Khandelwal | E11: ankit.khandelwal@fractal.ai | G11: 46174 | H11: 46203 | I11: 100 | J11: =NETWORKDAYS(G11,H11)*I11% -> 22 | K11: =J11-COUNTIF(V11:AY11,"L")-COUNTIF(V11:AY11,"H")-COUNTIF(V11:AY11,"HDL")/2-COUNTIF(V11:AY11,"NB") -> 22 | M11: =SUM(K11:L11) -> 22 | O11: =K11-N11 -> 22 | P11: =J11-K11 -> 0 | Q11: =COUNTIF(V11:BD11,"L")+COUNTIF(V11:BD11,"HDL")/2 -> 0 | S11: No | T11: No | U11: No
B12: F16266 | C12: Anupam Kumar Tiwari | E12: anupam.tiwari@fractal.ai | G12: 46174 | H12: 46203 | I12: 100 | J12: =NETWORKDAYS(G12,H12)*I12% -> 22 | K12: =J12-COUNTIF(V12:AY12,"L")-COUNTIF(V12:AY12,"H")-COUNTIF(V12:AY12,"HDL")/2-COUNTIF(V12:AY12,"NB") -> 22 | M12: =SUM(K12:L12) -> 22 | O12: =K12-N12 -> 22 | P12: =J12-K12 -> 0 | Q12: =COUNTIF(V12:BD12,"L")+COUNTIF(V12:BD12,"HDL")/2 -> 0 | S12: No | T12: No | U12: No
B13: F17311 | C13: Arbaz Ur Rehman Khan | E13: arbazur.khan@fractal.ai | G13: 46174 | H13: 46203 | I13: 100 | J13: =NETWORKDAYS(G13,H13)*I13% -> 22 | K13: =J13-COUNTIF(V13:AY13,"L")-COUNTIF(V13:AY13,"H")-COUNTIF(V13:AY13,"HDL")/2-COUNTIF(V13:AY13,"NB") -> 22 | M13: =SUM(K13:L13) -> 22 | O13: =K13-N13 -> 22 | P13: =J13-K13 -> 0 | Q13: =COUNTIF(V13:BD13,"L")+COUNTIF(V13:BD13,"HDL")/2 -> 0 | S13: Yes | T13: No | U13: Yes
B14: F15984 | C14: Arindom Goswami | E14: arindom.goswami@fractal.ai | G14: 46174 | H14: 46203 | I14: 100 | J14: =NETWORKDAYS(G14,H14)*I14% -> 22 | K14: =J14-COUNTIF(V14:AY14,"L")-COUNTIF(V14:AY14,"H")-COUNTIF(V14:AY14,"HDL")/2-COUNTIF(V14:AY14,"NB") -> 22 | M14: =SUM(K14:L14) -> 22 | O14: =K14-N14 -> 22 | P14: =J14-K14 -> 0 | Q14: =COUNTIF(V14:BD14,"L")+COUNTIF(V14:BD14,"HDL")/2 -> 0 | S14: No | T14: No | U14: No
B15: F07920 | C15: Arjit Sharma | E15: arjit.sharma@fractal.ai | G15: 46174 | H15: 46203 | I15: 100 | J15: =NETWORKDAYS(G15,H15)*I15% -> 22 | K15: =J15-COUNTIF(V15:AY15,"L")-COUNTIF(V15:AY15,"H")-COUNTIF(V15:AY15,"HDL")/2-COUNTIF(V15:AY15,"NB") -> 22 | M15: =SUM(K15:L15) -> 22 | O15: =K15-N15 -> 22 | P15: =J15-K15 -> 0 | Q15: =COUNTIF(V15:BD15,"L")+COUNTIF(V15:BD15,"HDL")/2 -> 0 | S15: No | T15: No | U15: No
B16: F08462 | C16: Ashokkumar Subramani | E16: ashokkumar.subramani@fractal.ai | G16: 46174 | H16: 46203 | I16: 100 | J16: =NETWORKDAYS(G16,H16)*I16% -> 22 | K16: =J16-COUNTIF(V16:AY16,"L")-COUNTIF(V16:AY16,"H")-COUNTIF(V16:AY16,"HDL")/2-COUNTIF(V16:AY16,"NB") -> 22 | M16: =SUM(K16:L16) -> 22 | O16: =K16-N16 -> 22 | P16: =J16-K16 -> 0 | Q16: =COUNTIF(V16:BD16,"L")+COUNTIF(V16:BD16,"HDL")/2 -> 0 | S16: No | T16: No | U16: No
... B59: F14313 | C59: Sujith Kumar B | E59: sujith.b@fractal.ai | G59: 46174 | H59: 46203 | I59: 100 | J59: =NETWORKDAYS(G59,H59)*I59% -> 22 | K59: =J59-COUNTIF(V59:AY59,"L")-COUNTIF(V59:AY59,"H")-COUNTIF(V59:AY59,"HDL")/2-COUNTIF(V59:AY59,"NB") -> 22 | M59: =SUM(K59:L59) -> 22 | O59: =K59-N59 -> 22 | P59: =J59-K59 -> 0 | Q59: =COUNTIF(V59:BD59,"L")+COUNTIF(V59:BD59,"HDL")/2 -> 0 | S59: No | T59: No | U59: No
B60: F16597 | C60: Susatya Sinha | E60: susatya.sinha@fractal.ai | G60: 46174 | H60: 46203 | I60: 100 | J60: =NETWORKDAYS(G60,H60)*I60% -> 22 | K60: =J60-COUNTIF(V60:AY60,"L")-COUNTIF(V60:AY60,"H")-COUNTIF(V60:AY60,"HDL")/2-COUNTIF(V60:AY60,"NB") -> 21 | M60: =SUM(K60:L60) -> 21 | O60: =K60-N60 -> 21 | P60: =J60-K60 -> 1 | Q60: =COUNTIF(V60:BD60,"L")+COUNTIF(V60:BD60,"HDL")/2 -> 1 | S60: Yes | T60: No | U60: No | AN60: L
B61: F07286 | C61: Sushanth S | E61: sushanth.s@fractal.ai | G61: 46174 | H61: 46203 | I61: 100 | J61: =NETWORKDAYS(G61,H61)*I61% -> 22 | K61: =J61-COUNTIF(V61:AY61,"L")-COUNTIF(V61:AY61,"H")-COUNTIF(V61:AY61,"HDL")/2-COUNTIF(V61:AY61,"NB") -> 22 | M61: =SUM(K61:L61) -> 22 | O61: =K61-N61 -> 22 | P61: =J61-K61 -> 0 | Q61: =COUNTIF(V61:BD61,"L")+COUNTIF(V61:BD61,"HDL")/2 -> 0 | S61: No | T61: No | U61: No
B62: F15206 | C62: Trisha Ranjan | E62: trisha.ranjan@fractal.ai | G62: 46174 | H62: 46203 | I62: 100 | J62: =NETWORKDAYS(G62,H62)*I62% -> 22 | K62: =J62-COUNTIF(V62:AY62,"L")-COUNTIF(V62:AY62,"H")-COUNTIF(V62:AY62,"HDL")/2-COUNTIF(V62:AY62,"NB") -> 22 | M62: =SUM(K62:L62) -> 22 | O62: =K62-N62 -> 22 | P62: =J62-K62 -> 0 | Q62: =COUNTIF(V62:BD62,"L")+COUNTIF(V62:BD62,"HDL")/2 -> 0 | S62: No | T62: No | U62: No
B63: F11959 | C63: Utkarsh Chaudhary | E63: utkarsh.chaudhary@fractal.ai | G63: 46174 | H63: 46203 | I63: 100 | J63: =NETWORKDAYS(G63,H63)*I63% -> 22 | K63: =J63-COUNTIF(V63:AY63,"L")-COUNTIF(V63:AY63,"H")-COUNTIF(V63:AY63,"HDL")/2-COUNTIF(V63:AY63,"NB") -> 22 | M63: =SUM(K63:L63) -> 22 | O63: =K63-N63 -> 22 | P63: =J63-K63 -> 0 | Q63: =COUNTIF(V63:BD63,"L")+COUNTIF(V63:BD63,"HDL")/2 -> 0 | S63: No | T63: No | U63: No
B64: F13312 | C64: Utkarsh Sharma | E64: utkarsh.sharma2@fractal.ai | G64: 46174 | H64: 46203 | I64: 100 | J64: =NETWORKDAYS(G64,H64)*I64% -> 22 | K64: =J64-COUNTIF(V64:AY64,"L")-COUNTIF(V64:AY64,"H")-COUNTIF(V64:AY64,"HDL")/2-COUNTIF(V64:AY64,"NB") -> 20 | M64: =SUM(K64:L64) -> 20 | O64: =K64-N64 -> 20 | P64: =J64-K64 -> 2 | Q64: =COUNTIF(V64:BD64,"L")+COUNTIF(V64:BD64,"HDL")/2 -> 2 | S64: Yes | T64: No | U64: Yes | AL64: L | AM64: L
